mean_reward,reward,step,time
0.625,0.625,8192,41.507757
1.5625,1.5625,16384,75.984996
2.5,2.5,24576,109.26582
2.5,2.5,32768,140.668026
3.125,3.125,40960,172.715973
8.75,8.75,49152,205.881632
10.3125,10.3125,57344,238.351119
8.75,8.75,65536,269.967276
11.25,11.25,73728,302.907677
12.1875,12.1875,81920,335.907653
10.9375,10.9375,90112,368.027811
8.75,8.75,98304,399.347308
14.0625,14.0625,106496,432.848894
12.5,12.5,114688,466.224795
11.25,11.25,122880,497.863841
11.5625,11.5625,131072,529.419475
15.0,15.0,139264,562.692903
15.9375,15.9375,147456,595.935098
15.3125,15.3125,155648,627.404192
14.375,14.375,163840,658.921
15.3125,15.3125,172032,692.066858
14.0625,14.0625,180224,725.139194
21.25,21.25,188416,757.450854
19.375,19.375,196608,789.486909
16.5625,16.5625,204800,822.391558
17.1875,17.1875,212992,854.921413
20.3125,20.3125,221184,886.393532
16.25,16.25,229376,918.300862
19.0625,19.0625,237568,950.885292
18.125,18.125,245760,983.648972
19.375,19.375,253952,1014.952086
20.3125,20.3125,262144,1046.98843
20.9375,20.9375,270336,1080.009093
23.4375,23.4375,278528,1113.251614
21.5625,21.5625,286720,1144.260933
21.5625,21.5625,294912,1176.789313
21.5625,21.5625,303104,1210.100796
17.1875,17.1875,311296,1242.404486
19.0625,19.0625,319488,1273.509703
19.6875,19.6875,327680,1305.856563
23.125,23.125,335872,1338.551878
20.9375,20.9375,344064,1371.312758
19.6875,19.6875,352256,1402.223059
20.3125,20.3125,360448,1434.982013
21.875,21.875,368640,1467.746603
20.3125,20.3125,376832,1499.59387
20.9375,20.9375,385024,1530.877353
22.1875,22.1875,393216,1563.693377
15.9375,15.9375,401408,1596.022822
21.875,21.875,409600,1627.536328
19.375,19.375,417792,1658.653134
20.3125,20.3125,425984,1690.710518
20.625,20.625,434176,1723.143947
21.5625,21.5625,442368,1755.222026
22.5,22.5,450560,1786.169447
21.875,21.875,458752,1819.04728
23.75,23.75,466944,1851.57894
24.0625,24.0625,475136,1883.449148
20.0,20.0,483328,1914.473826
20.0,20.0,491520,1947.08377
26.5625,26.5625,499712,1980.058217
20.9375,20.9375,507904,2011.674881
19.6875,19.6875,516096,2042.837014
21.875,21.875,524288,2075.315259
20.625,20.625,532480,2108.061379
22.5,22.5,540672,2139.172216
24.0625,24.0625,548864,2170.972284
23.75,23.75,557056,2203.553956
23.125,23.125,565248,2236.303037
24.375,24.375,573440,2267.975665
23.4375,23.4375,581632,2299.447048
23.4375,23.4375,589824,2332.203547
20.3125,20.3125,598016,2364.437927
22.8125,22.8125,606208,2395.779007
22.8125,22.8125,614400,2427.24732
23.125,23.125,622592,2459.773042
26.5625,26.5625,630784,2492.70533
28.4375,28.4375,638976,2524.210426
27.8125,27.8125,647168,2556.322306
25.3125,25.3125,655360,2588.497637
25.3125,25.3125,663552,2621.00946
25.0,25.0,671744,2651.845268
30.625,30.625,679936,2683.788573
27.5,27.5,688128,2716.432193
23.75,23.75,696320,2748.20545
30.0,30.0,704512,2779.207372
29.375,29.375,712704,2811.117028
23.75,23.75,720896,2843.008819
28.125,28.125,729088,2875.279439
28.125,28.125,737280,2906.380807
25.3125,25.3125,745472,2937.978027
27.5,27.5,753664,2970.601029
26.25,26.25,761856,3003.056293
29.6875,29.6875,770048,3033.820805
24.6875,24.6875,778240,3065.661912
30.9375,30.9375,786432,3098.719653
28.75,28.75,794624,3131.179441
28.75,28.75,802816,3162.215992
26.5625,26.5625,811008,3194.180528
28.125,28.125,819200,3226.871634
27.1875,27.1875,827392,3259.03146
28.125,28.125,835584,3289.48048
26.875,26.875,843776,3321.342517
29.0625,29.0625,851968,3353.839405
30.0,30.0,860160,3386.214158
28.75,28.75,868352,3416.945623
31.25,31.25,876544,3449.080832
27.5,27.5,884736,3481.422506
29.375,29.375,892928,3513.767505
30.3125,30.3125,901120,3544.601458
32.8125,32.8125,909312,3577.2445
24.375,24.375,917504,3609.333149
26.875,26.875,925696,3641.004069
29.6875,29.6875,933888,3671.628106
26.875,26.875,942080,3703.362409
25.625,25.625,950272,3735.773991
31.5625,31.5625,958464,3768.092919
24.6875,24.6875,966656,3798.374932
25.625,25.625,974848,3830.225337
22.5,22.5,983040,3862.604458
27.8125,27.8125,991232,3894.289067
26.25,26.25,999424,3924.86241
24.6875,24.6875,1007616,3957.191893
28.4375,28.4375,1015808,3989.980594
25.9375,25.9375,1024000,4021.669711
26.25,26.25,1032192,4052.568124
26.25,26.25,1040384,4084.983883
26.875,26.875,1048576,4117.479191
26.25,26.25,1056768,4149.235737
27.1875,27.1875,1064960,4180.142891
35.3125,35.3125,1073152,4212.739495
26.5625,26.5625,1081344,4245.133431
30.0,30.0,1089536,4276.64424
31.25,31.25,1097728,4307.952885
33.75,33.75,1105920,4340.909824
29.6875,29.6875,1114112,4373.347158
32.8125,32.8125,1122304,4405.503723
29.375,29.375,1130496,4436.429431
27.1875,27.1875,1138688,4468.910892
26.25,26.25,1146880,4500.893972
30.625,30.625,1155072,4532.579527
32.1875,32.1875,1163264,4563.764707
31.875,31.875,1171456,4595.918544
31.875,31.875,1179648,4628.542279
29.6875,29.6875,1187840,4660.26136
30.9375,30.9375,1196032,4691.091819
30.0,30.0,1204224,4723.481522
30.625,30.625,1212416,4755.836979
28.125,28.125,1220608,4787.484701
30.9375,30.9375,1228800,4818.288943
32.5,32.5,1236992,4850.513219
32.5,32.5,1245184,4882.588631
28.75,28.75,1253376,4914.283021
32.8125,32.8125,1261568,4945.075605
33.4375,33.4375,1269760,4977.760585
32.5,32.5,1277952,5010.455297
30.0,30.0,1286144,5042.250848
25.625,25.625,1294336,5073.240945
25.9375,25.9375,1302528,5105.303063
29.375,29.375,1310720,5137.221051
30.9375,30.9375,1318912,5168.467924
31.25,31.25,1327104,5199.904382
31.5625,31.5625,1335296,5232.509446
26.875,26.875,1343488,5264.654055
32.8125,32.8125,1351680,5296.498765
24.6875,24.6875,1359872,5327.196441
27.8125,27.8125,1368064,5359.622196
30.9375,30.9375,1376256,5392.022273
29.6875,29.6875,1384448,5423.659442
27.1875,27.1875,1392640,5454.661049
25.9375,25.9375,1400832,5486.888486
25.9375,25.9375,1409024,5519.644853
25.9375,25.9375,1417216,5550.678942
28.125,28.125,1425408,5581.827665
27.1875,27.1875,1433600,5614.542286
28.4375,28.4375,1441792,5647.586849
27.1875,27.1875,1449984,5679.005394
25.0,25.0,1458176,5710.329282
26.25,26.25,1466368,5742.444185
27.1875,27.1875,1474560,5774.927619
27.5,27.5,1482752,5806.192506
20.625,20.625,1490944,5836.933244
24.6875,24.6875,1499136,5868.8671
25.3125,25.3125,1507328,5901.03705
23.4375,23.4375,1515520,5932.165699
27.5,27.5,1523712,5964.090655
25.625,25.625,1531904,5996.650211
26.25,26.25,1540096,6029.56449
28.4375,28.4375,1548288,6060.986664
28.125,28.125,1556480,6093.237776
25.9375,25.9375,1564672,6125.861533
25.9375,25.9375,1572864,6158.009437
27.5,27.5,1581056,6188.70245
26.5625,26.5625,1589248,6220.262116
26.5625,26.5625,1597440,6252.650851
25.9375,25.9375,1605632,6285.092952
27.8125,27.8125,1613824,6316.051688
23.125,23.125,1622016,6347.418136
24.6875,24.6875,1630208,6379.720969
28.125,28.125,1638400,6412.398834
24.6875,24.6875,1646592,6443.365489
29.375,29.375,1654784,6475.659523
26.875,26.875,1662976,6508.225197
25.3125,25.3125,1671168,6540.774869
28.75,28.75,1679360,6572.145581
24.6875,24.6875,1687552,6604.016883
22.8125,22.8125,1695744,6636.391599
29.375,29.375,1703936,6669.032985
22.1875,22.1875,1712128,6699.422497
23.4375,23.4375,1720320,6731.186555
24.375,24.375,1728512,6763.85186
30.9375,30.9375,1736704,6796.561924
23.4375,23.4375,1744896,6827.241636
27.1875,27.1875,1753088,6859.120209
24.0625,24.0625,1761280,6891.664192
25.9375,25.9375,1769472,6923.827205
24.0625,24.0625,1777664,6954.360723
25.625,25.625,1785856,6986.419212
29.375,29.375,1794048,7019.237172
25.9375,25.9375,1802240,7051.351967
23.4375,23.4375,1810432,7082.167137
27.5,27.5,1818624,7114.853973
24.375,24.375,1826816,7146.962682
21.875,21.875,1835008,7178.202456
28.125,28.125,1843200,7208.968161
20.9375,20.9375,1851392,7241.588099
21.5625,21.5625,1859584,7273.948679
26.5625,26.5625,1867776,7305.67602
24.6875,24.6875,1875968,7336.805571
24.0625,24.0625,1884160,7368.889769
28.125,28.125,1892352,7401.233778
26.5625,26.5625,1900544,7433.178363
21.5625,21.5625,1908736,7463.784012
22.8125,22.8125,1916928,7496.265982
22.5,22.5,1925120,7528.343032
20.3125,20.3125,1933312,7559.722781
27.1875,27.1875,1941504,7591.185482
25.625,25.625,1949696,7623.806109
23.4375,23.4375,1957888,7656.190476
22.1875,22.1875,1966080,7687.428483
22.1875,22.1875,1974272,7718.741166
23.125,23.125,1982464,7751.082529
23.4375,23.4375,1990656,7783.245645
24.6875,24.6875,1998848,7814.532118
23.75,23.75,2007040,7846.280674
27.1875,27.1875,2015232,7878.833371
21.875,21.875,2023424,7910.808354
23.4375,23.4375,2031616,7942.298896
25.0,25.0,2039808,7973.054347
26.875,26.875,2048000,8005.650907
24.6875,24.6875,2056192,8037.681013
29.375,29.375,2064384,8069.05022
24.0625,24.0625,2072576,8100.208737
24.6875,24.6875,2080768,8132.609181
22.8125,22.8125,2088960,8164.834146
22.1875,22.1875,2097152,8195.921069
24.375,24.375,2105344,8227.420213
24.0625,24.0625,2113536,8259.505457
29.0625,29.0625,2121728,8291.710341
23.75,23.75,2129920,8322.487004
26.875,26.875,2138112,8354.006026
23.4375,23.4375,2146304,8386.245971
25.625,25.625,2154496,8418.706363
21.5625,21.5625,2162688,8449.652963
22.8125,22.8125,2170880,8481.392104
25.0,25.0,2179072,8514.139882
17.5,17.5,2187264,8545.980273
20.0,20.0,2195456,8577.089666
22.5,22.5,2203648,8608.701631
24.375,24.375,2211840,8641.213018
21.25,21.25,2220032,8673.260667
20.0,20.0,2228224,8704.156458
24.0625,24.0625,2236416,8735.770397
20.625,20.625,2244608,8767.667149
24.0625,24.0625,2252800,8799.991327
22.5,22.5,2260992,8830.809824
21.25,21.25,2269184,8862.606745
20.0,20.0,2277376,8894.857144
21.25,21.25,2285568,8926.626402
24.6875,24.6875,2293760,8958.096125
24.0625,24.0625,2301952,8989.697095
25.0,25.0,2310144,9021.823931
21.5625,21.5625,2318336,9054.104322
20.625,20.625,2326528,9085.330317
20.0,20.0,2334720,9117.686231
19.6875,19.6875,2342912,9149.976256
24.375,24.375,2351104,9182.229388
18.75,18.75,2359296,9212.447285
22.8125,22.8125,2367488,9244.288272
20.3125,20.3125,2375680,9276.0945
17.8125,17.8125,2383872,9308.315984
21.5625,21.5625,2392064,9339.002703
23.4375,23.4375,2400256,9371.12194
23.125,23.125,2408448,9403.956413
15.625,15.625,2416640,9435.726886
17.1875,17.1875,2424832,9466.656547
22.8125,22.8125,2433024,9498.964779
23.75,23.75,2441216,9531.780441
17.1875,17.1875,2449408,9563.234121
21.25,21.25,2457600,9594.307888
19.6875,19.6875,2465792,9626.709094
17.1875,17.1875,2473984,9659.112123
25.625,25.625,2482176,9691.264614
19.6875,19.6875,2490368,9722.471717
18.125,18.125,2498560,9754.55472
21.875,21.875,2506752,9786.908006
18.125,18.125,2514944,9818.503263
20.0,20.0,2523136,9849.534484
20.3125,20.3125,2531328,9881.267767
20.0,20.0,2539520,9913.8393
26.5625,26.5625,2547712,9945.464737
21.25,21.25,2555904,9976.547353
22.8125,22.8125,2564096,10009.107735
16.5625,16.5625,2572288,10040.989077
19.0625,19.0625,2580480,10072.814986
20.9375,20.9375,2588672,10104.064026
21.5625,21.5625,2596864,10136.298646
19.375,19.375,2605056,10168.298681
21.5625,21.5625,2613248,10199.945123
22.5,22.5,2621440,10231.111808
22.1875,22.1875,2629632,10263.044744
25.3125,25.3125,2637824,10295.650421
19.0625,19.0625,2646016,10326.895881
17.5,17.5,2654208,10358.243868
24.0625,24.0625,2662400,10390.93573
20.9375,20.9375,2670592,10423.641272
17.5,17.5,2678784,10454.48994
20.0,20.0,2686976,10486.062995
22.5,22.5,2695168,10518.807179
19.375,19.375,2703360,10550.8613
19.375,19.375,2711552,10581.830923
19.6875,19.6875,2719744,10613.262846
17.5,17.5,2727936,10645.262751
18.125,18.125,2736128,10677.091155
18.75,18.75,2744320,10708.465255
17.8125,17.8125,2752512,10739.545615
17.8125,17.8125,2760704,10771.539409
21.25,21.25,2768896,10803.813127
20.9375,20.9375,2777088,10834.942054
23.125,23.125,2785280,10866.712972
17.1875,17.1875,2793472,10898.67359
19.375,19.375,2801664,10930.998941
18.75,18.75,2809856,10961.76184
21.875,21.875,2818048,10993.326679
23.125,23.125,2826240,11025.788757
18.125,18.125,2834432,11058.380759
19.375,19.375,2842624,11089.641513
20.3125,20.3125,2850816,11121.831039
23.75,23.75,2859008,11154.390563
16.875,16.875,2867200,11186.365984
20.0,20.0,2875392,11216.763804
19.375,19.375,2883584,11248.825861
19.0625,19.0625,2891776,11280.441161
24.6875,24.6875,2899968,11312.63664
21.25,21.25,2908160,11343.496133
19.6875,19.6875,2916352,11375.355823
23.75,23.75,2924544,11407.687004
17.8125,17.8125,2932736,11439.745577
30.0,30.0,2940928,11470.605015
24.0625,24.0625,2949120,11502.451218
18.4375,18.4375,2957312,11533.884673
20.0,20.0,2965504,11565.608521
26.25,26.25,2973696,11596.317038
24.375,24.375,2981888,11628.058336
22.8125,22.8125,2990080,11660.35758
24.375,24.375,2998272,11691.761448
26.25,26.25,3006464,11722.271178
18.75,18.75,3014656,11753.881615
22.5,22.5,3022848,11785.918276
22.5,22.5,3031040,11816.977532
23.75,23.75,3039232,11847.502793
20.0,20.0,3047424,11879.278254
26.5625,26.5625,3055616,11911.302811
24.375,24.375,3063808,11943.40939
24.6875,24.6875,3072000,11974.014591
23.125,23.125,3080192,12005.625245
22.5,22.5,3088384,12037.590352
21.875,21.875,3096576,12069.748826
25.3125,25.3125,3104768,12100.123944
25.9375,25.9375,3112960,12132.270549
25.9375,25.9375,3121152,12164.794789
20.9375,20.9375,3129344,12196.740867
23.125,23.125,3137536,12226.974736
20.9375,20.9375,3145728,12258.126738
19.6875,19.6875,3153920,12289.327347
19.6875,19.6875,3162112,12321.17335
18.125,18.125,3170304,12351.468756
23.125,23.125,3178496,12383.974393
23.75,23.75,3186688,12415.905439
22.1875,22.1875,3194880,12447.770239
23.125,23.125,3203072,12478.205877
23.75,23.75,3211264,12509.721343
25.9375,25.9375,3219456,12542.138673
24.0625,24.0625,3227648,12574.784097
17.8125,17.8125,3235840,12605.345317
21.5625,21.5625,3244032,12637.393246
23.75,23.75,3252224,12669.788344
17.5,17.5,3260416,12701.573079
23.125,23.125,3268608,12732.098239
23.4375,23.4375,3276800,12763.627233
20.3125,20.3125,3284992,12795.627604
23.125,23.125,3293184,12827.873822
22.8125,22.8125,3301376,12858.196907
23.125,23.125,3309568,12889.841545
22.8125,22.8125,3317760,12922.046259
25.625,25.625,3325952,12954.192221
23.125,23.125,3334144,12984.877667
21.875,21.875,3342336,13016.239891
19.375,19.375,3350528,13048.174401
24.6875,24.6875,3358720,13080.258606
17.5,17.5,3366912,13110.406143
26.5625,26.5625,3375104,13142.094171
24.0625,24.0625,3383296,13175.044608
20.625,20.625,3391488,13206.7295
20.3125,20.3125,3399680,13237.243627
22.1875,22.1875,3407872,13268.768978
20.9375,20.9375,3416064,13301.091072
20.3125,20.3125,3424256,13333.006097
19.375,19.375,3432448,13363.603476
23.75,23.75,3440640,13395.519983
16.25,16.25,3448832,13427.775757
20.625,20.625,3457024,13460.132469
17.5,17.5,3465216,13490.583981
25.0,25.0,3473408,13522.211798
24.6875,24.6875,3481600,13554.8571
22.5,22.5,3489792,13586.648185
20.3125,20.3125,3497984,13616.85359
24.375,24.375,3506176,13648.226231
22.1875,22.1875,3514368,13680.052662
23.4375,23.4375,3522560,13712.0679
22.5,22.5,3530752,13742.638098
19.375,19.375,3538944,13775.042634
16.875,16.875,3547136,13807.104043
18.125,18.125,3555328,13839.175784
21.875,21.875,3563520,13869.849566
27.5,27.5,3571712,13901.839427
25.3125,25.3125,3579904,13934.055944
20.9375,20.9375,3588096,13965.446189
22.5,22.5,3596288,13995.630066
23.75,23.75,3604480,14027.804215
21.25,21.25,3612672,14059.593783
22.8125,22.8125,3620864,14091.327445
26.5625,26.5625,3629056,14121.815169
24.375,24.375,3637248,14153.61917
22.1875,22.1875,3645440,14185.609829
21.875,21.875,3653632,14217.170258
27.8125,27.8125,3661824,14248.395024
21.5625,21.5625,3670016,14280.434887
22.5,22.5,3678208,14312.614458
24.375,24.375,3686400,14344.391269
25.0,25.0,3694592,14375.363224
18.75,18.75,3702784,14407.282334
26.875,26.875,3710976,14439.810803
20.0,20.0,3719168,14471.189946
23.125,23.125,3727360,14501.991983
24.375,24.375,3735552,14534.403701
23.75,23.75,3743744,14566.947533
23.4375,23.4375,3751936,14598.339756
23.75,23.75,3760128,14629.585924
21.875,21.875,3768320,14661.617571
22.5,22.5,3776512,14693.746381
19.375,19.375,3784704,14725.484996
21.25,21.25,3792896,14757.17075
21.25,21.25,3801088,14789.649857
21.875,21.875,3809280,14822.305946
20.3125,20.3125,3817472,14853.257366
17.8125,17.8125,3825664,14884.356741
24.0625,24.0625,3833856,14916.711985
20.3125,20.3125,3842048,14948.518691
24.0625,24.0625,3850240,14979.77475
24.6875,24.6875,3858432,15011.165992
25.0,25.0,3866624,15043.556302
22.5,22.5,3874816,15075.52165
24.375,24.375,3883008,15106.863714
23.4375,23.4375,3891200,15138.402745
21.5625,21.5625,3899392,15170.656108
23.125,23.125,3907584,15203.813072
21.5625,21.5625,3915776,15234.936766
24.6875,24.6875,3923968,15266.994119
23.4375,23.4375,3932160,15299.459856
21.875,21.875,3940352,15331.443495
23.4375,23.4375,3948544,15363.174396
24.375,24.375,3956736,15394.72007
24.375,24.375,3964928,15427.296289
21.25,21.25,3973120,15459.160198
22.5,22.5,3981312,15490.689231
21.5625,21.5625,3989504,15522.534838
17.1875,17.1875,3997696,15554.519605
25.0,25.0,4005888,15587.326635
29.6875,29.6875,4014080,15618.506596
24.6875,24.6875,4022272,15650.173934
22.8125,22.8125,4030464,15682.234131
23.125,23.125,4038656,15714.804506
17.8125,17.8125,4046848,15745.441631
19.0625,19.0625,4055040,15776.863228
21.5625,21.5625,4063232,15808.717497
19.6875,19.6875,4071424,15840.465219
19.0625,19.0625,4079616,15871.008424
20.625,20.625,4087808,15902.364567
18.125,18.125,4096000,15933.62302
22.1875,22.1875,4104192,15965.5279
18.125,18.125,4112384,15995.983428
23.125,23.125,4120576,16027.858267
22.5,22.5,4128768,16059.795639
24.6875,24.6875,4136960,16092.462256
21.875,21.875,4145152,16122.770914
20.9375,20.9375,4153344,16154.600988
23.75,23.75,4161536,16186.804077
25.625,25.625,4169728,16218.771061
27.5,27.5,4177920,16249.432377
25.625,25.625,4186112,16281.588721
23.125,23.125,4194304,16313.56074
23.125,23.125,4202496,16345.030998
21.875,21.875,4210688,16375.351958
27.8125,27.8125,4218880,16407.181137
20.0,20.0,4227072,16439.321113
18.4375,18.4375,4235264,16470.302671
20.3125,20.3125,4243456,16500.743337
23.4375,23.4375,4251648,16532.47583
21.5625,21.5625,4259840,16564.292964
19.6875,19.6875,4268032,16596.079952
20.0,20.0,4276224,16625.980835
20.9375,20.9375,4284416,16658.148893
17.1875,17.1875,4292608,16690.121509
22.8125,22.8125,4300800,16721.367242
25.0,25.0,4308992,16752.214871
20.625,20.625,4317184,16784.28642
20.9375,20.9375,4325376,16815.923991
19.375,19.375,4333568,16846.929493
21.5625,21.5625,4341760,16877.129563
19.6875,19.6875,4349952,16908.953826
20.0,20.0,4358144,16940.960942
18.4375,18.4375,4366336,16972.372793
18.4375,18.4375,4374528,17002.785046
20.3125,20.3125,4382720,17035.24333
16.875,16.875,4390912,17067.226116
20.0,20.0,4399104,17098.423078
14.6875,14.6875,4407296,17127.931884
17.8125,17.8125,4415488,17159.841109
20.3125,20.3125,4423680,17192.085183
17.5,17.5,4431872,17224.168327
15.0,15.0,4440064,17256.101247
14.375,14.375,4448256,17289.111331
13.4375,13.4375,4456448,17321.883028
15.3125,15.3125,4464640,17353.690987
13.4375,13.4375,4472832,17385.111386
12.8125,12.8125,4481024,17417.196274
16.5625,16.5625,4489216,17450.174986
13.125,13.125,4497408,17481.863605
13.4375,13.4375,4505600,17513.974886
14.375,14.375,4513792,17547.020098
18.4375,18.4375,4521984,17579.820551
12.1875,12.1875,4530176,17611.236252
14.6875,14.6875,4538368,17642.24053
15.9375,15.9375,4546560,17674.904461
16.25,16.25,4554752,17708.042618
14.0625,14.0625,4562944,17739.897799
16.5625,16.5625,4571136,17771.987984
12.8125,12.8125,4579328,17804.332519
15.9375,15.9375,4587520,17836.577334
17.5,17.5,4595712,17867.491853
20.3125,20.3125,4603904,17899.873115
15.3125,15.3125,4612096,17932.503313
15.0,15.0,4620288,17965.128105
11.875,11.875,4628480,17995.70082
15.3125,15.3125,4636672,18028.322496
16.875,16.875,4644864,18061.639005
15.625,15.625,4653056,18094.276009
18.4375,18.4375,4661248,18124.862407
16.5625,16.5625,4669440,18156.699411
25.0,25.0,4677632,18189.326597
16.5625,16.5625,4685824,18221.123824
24.375,24.375,4694016,18252.098066
19.0625,19.0625,4702208,18284.217794
18.75,18.75,4710400,18316.837493
20.625,20.625,4718592,18348.926089
17.8125,17.8125,4726784,18379.524832
14.375,14.375,4734976,18411.344945
16.25,16.25,4743168,18444.219422
15.0,15.0,4751360,18475.916797
13.4375,13.4375,4759552,18506.913498
15.3125,15.3125,4767744,18539.641602
15.3125,15.3125,4775936,18572.90006
11.25,11.25,4784128,18604.51406
13.75,13.75,4792320,18636.113032
16.25,16.25,4800512,18668.664921
15.0,15.0,4808704,18701.868562
12.1875,12.1875,4816896,18733.804211
15.625,15.625,4825088,18766.050915
15.9375,15.9375,4833280,18798.889829
21.5625,21.5625,4841472,18832.391174
20.625,20.625,4849664,18864.913397
19.0625,19.0625,4857856,18897.192891
16.875,16.875,4866048,18930.114978
20.625,20.625,4874240,18963.07293
13.4375,13.4375,4882432,18994.515771
12.8125,12.8125,4890624,19026.665534
14.375,14.375,4898816,19059.210682
15.0,15.0,4907008,19092.092909
15.625,15.625,4915200,19123.121659
17.8125,17.8125,4923392,19154.804367
18.125,18.125,4931584,19187.442482
16.5625,16.5625,4939776,19220.258868
12.5,12.5,4947968,19251.339007
20.3125,20.3125,4956160,19283.944808
17.8125,17.8125,4964352,19316.722876
17.5,17.5,4972544,19348.593748
13.4375,13.4375,4980736,19380.003238
20.625,20.625,4988928,19412.50769
19.375,19.375,4997120,19445.588675
15.3125,15.3125,5005312,19477.662266
19.0625,19.0625,5013504,19508.156511
18.75,18.75,5021696,19540.477439
18.75,18.75,5029888,19573.592521
14.375,14.375,5038080,19605.476307
15.3125,15.3125,5046272,19636.562094
18.125,18.125,5054464,19669.028135
21.875,21.875,5062656,19701.753199
23.125,23.125,5070848,19733.903306
20.9375,20.9375,5079040,19765.122425
15.625,15.625,5087232,19798.075565
17.5,17.5,5095424,19831.915862
19.375,19.375,5103616,19864.909006
17.8125,17.8125,5111808,19896.356713
20.3125,20.3125,5120000,19929.394374
21.25,21.25,5128192,19961.57139
20.625,20.625,5136384,19993.318347
18.4375,18.4375,5144576,20025.29893
15.9375,15.9375,5152768,20058.378787
20.9375,20.9375,5160960,20091.764638
21.875,21.875,5169152,20123.038041
22.5,22.5,5177344,20154.98511
16.5625,16.5625,5185536,20188.217183
15.9375,15.9375,5193728,20221.981574
16.875,16.875,5201920,20254.184153
18.125,18.125,5210112,20285.808711
19.6875,19.6875,5218304,20318.805331
19.375,19.375,5226496,20351.232836
22.8125,22.8125,5234688,20382.663993
19.6875,19.6875,5242880,20414.375481
21.5625,21.5625,5251072,20446.905677
23.75,23.75,5259264,20479.327317
21.875,21.875,5267456,20510.272349
18.75,18.75,5275648,20541.594073
21.25,21.25,5283840,20574.256772
20.625,20.625,5292032,20606.741545
24.375,24.375,5300224,20637.817242
24.375,24.375,5308416,20669.750135
23.125,23.125,5316608,20702.305174
25.9375,25.9375,5324800,20734.744432
19.0625,19.0625,5332992,20765.828212
19.6875,19.6875,5341184,20797.904655
19.375,19.375,5349376,20831.130446
23.125,23.125,5357568,20864.396433
15.0,15.0,5365760,20896.076814
22.1875,22.1875,5373952,20928.331921
19.0625,19.0625,5382144,20960.734598
19.0625,19.0625,5390336,20993.159168
17.8125,17.8125,5398528,21023.900106
23.125,23.125,5406720,21056.41207
16.25,16.25,5414912,21087.957753
23.125,23.125,5423104,21120.312108
16.5625,16.5625,5431296,21151.159723
20.9375,20.9375,5439488,21183.373492
17.5,17.5,5447680,21216.046149
19.0625,19.0625,5455872,21247.883555
18.125,18.125,5464064,21278.77413
19.0625,19.0625,5472256,21311.31394
22.1875,22.1875,5480448,21343.572129
15.9375,15.9375,5488640,21375.470975
16.5625,16.5625,5496832,21406.207189
17.1875,17.1875,5505024,21438.192669
19.375,19.375,5513216,21470.033084
16.875,16.875,5521408,21501.12393
23.75,23.75,5529600,21531.941035
27.5,27.5,5537792,21564.84974
23.125,23.125,5545984,21597.417415
20.9375,20.9375,5554176,21629.13591
24.0625,24.0625,5562368,21660.547376
18.4375,18.4375,5570560,21693.023739
17.1875,17.1875,5578752,21725.757218
15.9375,15.9375,5586944,21757.202299
21.25,21.25,5595136,21788.285973
21.25,21.25,5603328,21820.697369
20.9375,20.9375,5611520,21852.951661
20.3125,20.3125,5619712,21884.462023
21.5625,21.5625,5627904,21915.184358
20.9375,20.9375,5636096,21948.111534
18.125,18.125,5644288,21979.846577
15.0,15.0,5652480,22011.137544
21.5625,21.5625,5660672,22042.596175
22.1875,22.1875,5668864,22074.834561
15.3125,15.3125,5677056,22107.39436
21.5625,21.5625,5685248,22139.263638
25.3125,25.3125,5693440,22170.760353
21.5625,21.5625,5701632,22203.095799
22.8125,22.8125,5709824,22235.644046
20.9375,20.9375,5718016,22267.577923
20.3125,20.3125,5726208,22299.19286
20.0,20.0,5734400,22331.536897
18.125,18.125,5742592,22363.74555
16.875,16.875,5750784,22395.613156
17.1875,17.1875,5758976,22426.24572
13.4375,13.4375,5767168,22458.450299
16.5625,16.5625,5775360,22490.432099
19.0625,19.0625,5783552,22522.161253
19.0625,19.0625,5791744,22553.527588
20.3125,20.3125,5799936,22586.099818
19.6875,19.6875,5808128,22618.635936
11.25,11.25,5816320,22650.369834
18.4375,18.4375,5824512,22682.931696
13.75,13.75,5832704,22715.241829
17.8125,17.8125,5840896,22747.18147
16.25,16.25,5849088,22777.909947
20.625,20.625,5857280,22809.506429
21.5625,21.5625,5865472,22842.193398
18.4375,18.4375,5873664,22875.539044
14.375,14.375,5881856,22907.507384
20.9375,20.9375,5890048,22939.90851
15.625,15.625,5898240,22972.492028
15.625,15.625,5906432,23004.919679
17.8125,17.8125,5914624,23035.59309
17.1875,17.1875,5922816,23067.623483
17.1875,17.1875,5931008,23099.770825
17.8125,17.8125,5939200,23132.559658
20.9375,20.9375,5947392,23164.24299
16.875,16.875,5955584,23196.451226
20.625,20.625,5963776,23229.152547
14.0625,14.0625,5971968,23261.143115
18.75,18.75,5980160,23291.965744
15.625,15.625,5988352,23323.834561
21.25,21.25,5996544,23356.280131
27.1875,27.1875,6004736,23388.313289
25.0,25.0,6012928,23418.991795
18.75,18.75,6021120,23451.49408
17.5,17.5,6029312,23484.231772
21.25,21.25,6037504,23516.593011
14.375,14.375,6045696,23547.051966
19.6875,19.6875,6053888,23578.848383
21.5625,21.5625,6062080,23611.30153
18.75,18.75,6070272,23643.483352
14.375,14.375,6078464,23673.902451
17.8125,17.8125,6086656,23706.16674
17.8125,17.8125,6094848,23738.57349
18.75,18.75,6103040,23771.323219
15.9375,15.9375,6111232,23803.223837
11.875,11.875,6119424,23836.08576
11.25,11.25,6127616,23868.407765
13.75,13.75,6135808,23900.190425
17.1875,17.1875,6144000,23931.523172
15.625,15.625,6152192,23963.347414
19.6875,19.6875,6160384,23995.65341
18.4375,18.4375,6168576,24027.681397
16.25,16.25,6176768,24059.205509
17.1875,17.1875,6184960,24092.727663
18.4375,18.4375,6193152,24125.836014
15.0,15.0,6201344,24157.320819
15.0,15.0,6209536,24189.10159
13.75,13.75,6217728,24222.116184
12.5,12.5,6225920,24254.763943
12.8125,12.8125,6234112,24287.016816
12.5,12.5,6242304,24319.164055
11.875,11.875,6250496,24351.281303
13.125,13.125,6258688,24383.933948
11.5625,11.5625,6266880,24415.473397
15.625,15.625,6275072,24447.64671
7.8125,7.8125,6283264,24480.185524
11.5625,11.5625,6291456,24513.063864
14.0625,14.0625,6299648,24544.449913
15.9375,15.9375,6307840,24575.965419
15.3125,15.3125,6316032,24608.550659
14.0625,14.0625,6324224,24641.137047
12.1875,12.1875,6332416,24672.764345
12.8125,12.8125,6340608,24705.045096
12.1875,12.1875,6348800,24738.393312
11.5625,11.5625,6356992,24771.497816
14.0625,14.0625,6365184,24803.026063
15.9375,15.9375,6373376,24835.588485
15.625,15.625,6381568,24868.629779
16.5625,16.5625,6389760,24901.494521
13.4375,13.4375,6397952,24932.858093
14.0625,14.0625,6406144,24965.67469
13.4375,13.4375,6414336,24999.260238
16.875,16.875,6422528,25032.698509
15.9375,15.9375,6430720,25064.402507
13.75,13.75,6438912,25097.249462
13.75,13.75,6447104,25129.985775
9.6875,9.6875,6455296,25162.745514
13.75,13.75,6463488,25194.565738
14.0625,14.0625,6471680,25228.195877
10.3125,10.3125,6479872,25260.507021
11.875,11.875,6488064,25292.750852
11.5625,11.5625,6496256,25324.498348
14.6875,14.6875,6504448,25357.451616
10.625,10.625,6512640,25390.07186
12.1875,12.1875,6520832,25422.483548
12.1875,12.1875,6529024,25454.73573
13.125,13.125,6537216,25488.489119
11.25,11.25,6545408,25521.122568
15.0,15.0,6553600,25553.076937
13.125,13.125,6561792,25585.687009
12.5,12.5,6569984,25619.477765
13.125,13.125,6578176,25653.255809
12.1875,12.1875,6586368,25684.276182
14.6875,14.6875,6594560,25716.403032
15.3125,15.3125,6602752,25749.216683
14.0625,14.0625,6610944,25781.739682
10.9375,10.9375,6619136,25813.242535
19.0625,19.0625,6627328,25846.20468
19.375,19.375,6635520,25879.049228
17.8125,17.8125,6643712,25912.210238
12.8125,12.8125,6651904,25943.01228
19.0625,19.0625,6660096,25976.070832
14.375,14.375,6668288,26009.132219
11.875,11.875,6676480,26041.057009
12.1875,12.1875,6684672,26071.835186
16.5625,16.5625,6692864,26104.551178
13.75,13.75,6701056,26137.409977
10.3125,10.3125,6709248,26169.510572
12.8125,12.8125,6717440,26201.167644
11.875,11.875,6725632,26233.8711
13.125,13.125,6733824,26266.263109
15.0,15.0,6742016,26298.251938
13.4375,13.4375,6750208,26330.015987
9.6875,9.6875,6758400,26363.128867
16.25,16.25,6766592,26396.47427
13.4375,13.4375,6774784,26428.107928
16.5625,16.5625,6782976,26459.963271
11.5625,11.5625,6791168,26492.363676
12.1875,12.1875,6799360,26525.105403
9.6875,9.6875,6807552,26557.485476
10.3125,10.3125,6815744,26589.526787
11.875,11.875,6823936,26622.917534
8.125,8.125,6832128,26656.234887
9.0625,9.0625,6840320,26688.104009
7.1875,7.1875,6848512,26719.944968
8.125,8.125,6856704,26753.707179
6.25,6.25,6864896,26786.693776
10.0,10.0,6873088,26818.372367
9.6875,9.6875,6881280,26850.998182
13.4375,13.4375,6889472,26884.468462
6.5625,6.5625,6897664,26917.629192
8.4375,8.4375,6905856,26949.629962
11.875,11.875,6914048,26982.560277
6.875,6.875,6922240,27015.705957
7.5,7.5,6930432,27049.41449
12.8125,12.8125,6938624,27081.327414
11.875,11.875,6946816,27114.189009
14.375,14.375,6955008,27146.324543
15.3125,15.3125,6963200,27178.932425
10.625,10.625,6971392,27209.581027
12.1875,12.1875,6979584,27241.352983
13.125,13.125,6987776,27274.491984
14.375,14.375,6995968,27306.976826
15.0,15.0,7004160,27337.774953
10.625,10.625,7012352,27369.619457
14.375,14.375,7020544,27402.637348
6.875,6.875,7028736,27435.426073
10.0,10.0,7036928,27466.8065
10.9375,10.9375,7045120,27499.907168
9.375,9.375,7053312,27533.286348
10.3125,10.3125,7061504,27566.386017
9.6875,9.6875,7069696,27597.853558
8.125,8.125,7077888,27630.89215
7.1875,7.1875,7086080,27663.976521
8.75,8.75,7094272,27696.629937
9.375,9.375,7102464,27728.941224
10.625,10.625,7110656,27762.766145
9.375,9.375,7118848,27796.247595
9.6875,9.6875,7127040,27829.095062
8.75,8.75,7135232,27862.068741
5.0,5.0,7143424,27896.158676
6.25,6.25,7151616,27930.268321
7.1875,7.1875,7159808,27962.963192
8.125,8.125,7168000,27996.303726
9.375,9.375,7176192,28029.484559
9.6875,9.6875,7184384,28062.998658
5.0,5.0,7192576,28094.46697
10.3125,10.3125,7200768,28127.003266
7.8125,7.8125,7208960,28160.246428
5.3125,5.3125,7217152,28193.396089
8.75,8.75,7225344,28224.619274
5.9375,5.9375,7233536,28256.550345
6.25,6.25,7241728,28288.94542
7.5,7.5,7249920,28321.20257
10.625,10.625,7258112,28351.946069
7.5,7.5,7266304,28384.116612
8.4375,8.4375,7274496,28416.986364
7.8125,7.8125,7282688,28448.302074
10.0,10.0,7290880,28478.333064
6.5625,6.5625,7299072,28510.776912
8.4375,8.4375,7307264,28543.661894
9.0625,9.0625,7315456,28576.188405
7.5,7.5,7323648,28606.418552
10.0,10.0,7331840,28638.036665
10.625,10.625,7340032,28670.228581
9.375,9.375,7348224,28703.075503
5.3125,5.3125,7356416,28734.090947
8.4375,8.4375,7364608,28766.586114
8.125,8.125,7372800,28799.788142
10.0,10.0,7380992,28831.619888
12.5,12.5,7389184,28861.937031
10.9375,10.9375,7397376,28894.060395
7.8125,7.8125,7405568,28925.528432
10.625,10.625,7413760,28956.895012
5.9375,5.9375,7421952,28987.739758
9.375,9.375,7430144,29020.441673
8.75,8.75,7438336,29053.965003
8.125,8.125,7446528,29087.177947
4.375,4.375,7454720,29119.012736
4.0625,4.0625,7462912,29152.333136
5.625,5.625,7471104,29184.866577
5.3125,5.3125,7479296,29216.226006
2.5,2.5,7487488,29247.944052
4.375,4.375,7495680,29280.753885
5.625,5.625,7503872,29314.324862
6.875,6.875,7512064,29346.606781
8.125,8.125,7520256,29378.457424
5.625,5.625,7528448,29411.13626
4.375,4.375,7536640,29443.527926
5.9375,5.9375,7544832,29475.072164
8.125,8.125,7553024,29507.206899
5.9375,5.9375,7561216,29540.097035
6.5625,6.5625,7569408,29572.457154
6.875,6.875,7577600,29603.518256
6.5625,6.5625,7585792,29635.204558
2.1875,2.1875,7593984,29667.599556
3.4375,3.4375,7602176,29700.694836
3.125,3.125,7610368,29733.029135
2.8125,2.8125,7618560,29766.125682
0.625,0.625,7626752,29799.039075
2.5,2.5,7634944,29832.024303
3.125,3.125,7643136,29864.213306
4.375,4.375,7651328,29897.682401
1.875,1.875,7659520,29930.813237
5.625,5.625,7667712,29964.123437
2.8125,2.8125,7675904,29995.53514
5.0,5.0,7684096,30028.614772
5.3125,5.3125,7692288,30061.768017
2.5,2.5,7700480,30094.330726
4.6875,4.6875,7708672,30126.004171
3.4375,3.4375,7716864,30158.801373
5.3125,5.3125,7725056,30192.599354
5.3125,5.3125,7733248,30224.814464
3.125,3.125,7741440,30256.909872
5.0,5.0,7749632,30289.69
4.375,4.375,7757824,30322.820559
7.8125,7.8125,7766016,30354.326246
7.1875,7.1875,7774208,30386.624694
4.375,4.375,7782400,30419.109736
6.25,6.25,7790592,30451.881067
2.8125,2.8125,7798784,30483.821457
4.0625,4.0625,7806976,30517.008364
3.4375,3.4375,7815168,30549.725294
3.75,3.75,7823360,30582.586934
6.5625,6.5625,7831552,30613.715637
4.6875,4.6875,7839744,30646.757228
2.8125,2.8125,7847936,30679.367206
3.75,3.75,7856128,30711.325348
3.75,3.75,7864320,30742.263617
5.0,5.0,7872512,30774.645454
4.0625,4.0625,7880704,30806.930149
2.8125,2.8125,7888896,30838.428113
3.75,3.75,7897088,30868.965991
3.75,3.75,7905280,30901.387874
5.9375,5.9375,7913472,30934.336974
5.0,5.0,7921664,30966.384622
3.75,3.75,7929856,30996.980325
2.8125,2.8125,7938048,31028.983724
3.125,3.125,7946240,31060.702396
6.5625,6.5625,7954432,31092.478662
5.625,5.625,7962624,31122.95749
4.375,4.375,7970816,31154.670627
3.125,3.125,7979008,31187.532699
4.6875,4.6875,7987200,31219.663828
5.0,5.0,7995392,31251.541942
5.3125,5.3125,8003584,31284.328931
