normalized_reward_test,normalized_reward_train,reward_test,reward_train,step,time
1.6449998617172241,1.558749794960022,23.273372650146484,27.64043617248535,8192,104.539793
1.4037500619888306,1.4824998378753662,9.824950218200684,11.635515213012695,16384,141.013452
1.3724998235702515,1.2999999523162842,9.582916259765625,9.490654945373535,24576,176.993006
1.5512499809265137,1.272499918937683,10.693157196044922,9.247819900512695,32768,212.991689
1.4375,1.4087499380111694,9.812105178833008,10.070728302001953,40960,248.917752
1.7112500667572021,1.554999828338623,11.46230697631836,10.739706993103027,49152,285.084112
1.7974998950958252,1.8399999141693115,11.483880996704102,12.170679092407227,57344,321.013574
1.7649998664855957,1.6799999475479126,10.917011260986328,10.39360523223877,65536,357.146573
1.741249918937683,1.898749828338623,10.44957160949707,11.276905059814453,73728,393.094455
1.6637499332427979,1.7374999523162842,9.625218391418457,9.894270896911621,81920,429.054834
1.5899999141693115,1.8737499713897705,9.074921607971191,10.299379348754883,90112,465.150549
1.8749998807907104,1.9462498426437378,10.499443054199219,10.376717567443848,98304,501.073376
1.8862498998641968,1.7825000286102295,10.385411262512207,9.317655563354492,106496,537.233473
1.690000057220459,1.7462499141693115,9.225737571716309,9.031028747558594,114688,573.261827
1.8562499284744263,1.7299998998641968,9.979021072387695,8.868313789367676,122880,609.196584
1.84499990940094,1.9574999809265137,9.843395233154297,9.991765022277832,131072,645.185908
1.6437499523162842,1.6037498712539673,8.70849323272705,8.126703262329102,139264,681.023206
1.8174998760223389,1.8862498998641968,9.590836524963379,9.551252365112305,147456,717.148125
1.7350000143051147,1.9112498760223389,9.055282592773438,9.576128959655762,155648,753.189739
1.9549999237060547,1.8912497758865356,10.075942993164062,9.431671142578125,163840,789.08209
1.741249918937683,2.134999990463257,8.927170753479004,10.581384658813477,172032,825.192429
1.7099997997283936,1.8149999380111694,8.719535827636719,8.937376976013184,180224,861.050527
1.7387498617172241,1.776249885559082,8.809985160827637,8.728721618652344,188416,897.271329
1.744999885559082,1.6787500381469727,8.777763366699219,8.217110633850098,196608,933.327892
1.8137497901916504,1.867499828338623,9.090606689453125,9.12065601348877,204800,969.254016
1.7012498378753662,1.7812498807907104,8.476985931396484,8.670717239379883,212992,1005.389674
1.5949997901916504,1.784999966621399,7.945558547973633,8.658881187438965,221184,1041.31327
1.8487498760223389,1.965000033378601,9.189722061157227,9.5326566696167,229376,1077.486836
1.7274999618530273,1.716249942779541,8.556893348693848,8.31369400024414,237568,1113.507285
1.6212499141693115,1.682499885559082,8.030598640441895,8.123035430908203,245760,1149.372565
1.7612498998641968,1.631250023841858,8.721295356750488,7.839349746704102,253952,1185.483011
1.5987499952316284,1.7825000286102295,7.899164199829102,8.547621726989746,262144,1221.349125
1.897499918937683,1.709999918937683,9.339461326599121,8.172651290893555,270336,1257.54378
1.7350000143051147,1.8824999332427979,8.498939514160156,8.996550559997559,278528,1293.651463
1.8824998140335083,1.7862499952316284,9.191559791564941,8.533317565917969,286720,1329.578524
1.648749828338623,1.6774998903274536,8.025294303894043,7.992231369018555,294912,1365.681307
1.7374999523162842,1.7124998569488525,8.44296646118164,8.16059398651123,303104,1401.699561
1.8799997568130493,1.9049999713897705,9.095977783203125,9.078800201416016,311296,1437.774932
1.7974998950958252,1.7612500190734863,8.66181755065918,8.383988380432129,319488,1473.768502
1.8612499237060547,1.8049999475479126,8.959948539733887,8.56828498840332,327680,1509.705283
1.771249771118164,1.7212499380111694,8.515467643737793,8.162391662597656,335872,1545.744354
1.7124998569488525,1.869999885559082,8.230759620666504,8.842399597167969,344064,1581.735648
1.7837498188018799,1.779999852180481,8.583050727844238,8.402961730957031,352256,1617.802658
1.7037498950958252,1.7524998188018799,8.186257362365723,8.267881393432617,360448,1653.762844
1.8499999046325684,1.8849998712539673,8.883367538452148,8.86972427368164,368640,1689.679802
1.784999966621399,1.7549999952316284,8.553543090820312,8.240797996520996,376832,1725.651964
1.722499966621399,1.7574999332427979,8.251465797424316,8.247417449951172,385024,1761.748722
1.872499942779541,1.5987499952316284,8.963257789611816,7.504493713378906,393216,1797.650638
1.8437498807907104,1.9562499523162842,8.811793327331543,9.189067840576172,401408,1833.724905
1.872499942779541,1.9737498760223389,8.932429313659668,9.259631156921387,409600,1869.607417
1.6087498664855957,1.9087499380111694,7.665369033813477,8.930087089538574,417792,1905.725278
1.7862499952316284,1.8624999523162842,8.496811866760254,8.692164421081543,425984,1941.618111
1.784999966621399,1.872499942779541,8.486982345581055,8.730130195617676,434176,1977.69158
1.8749998807907104,1.9412497282028198,8.918498039245605,9.040655136108398,442368,2013.800681
1.7462499141693115,1.6537498235702515,8.289072036743164,7.6818342208862305,450560,2049.704097
1.8012497425079346,1.7624998092651367,8.54778003692627,8.17906665802002,458752,2085.853744
1.7024998664855957,1.934999942779541,8.069244384765625,8.97464370727539,466944,2121.915033
1.896249771118164,1.8999998569488525,8.98080062866211,8.777981758117676,475136,2157.86376
1.9624998569488525,1.7837499380111694,9.282679557800293,8.226736068725586,483328,2193.796265
1.8549997806549072,1.7962499856948853,8.760854721069336,8.271862030029297,491520,2229.689139
1.6362498998641968,1.8149999380111694,7.725336074829102,8.354867935180664,499712,2265.926316
1.7387501001358032,1.7612497806549072,8.202777862548828,8.101655960083008,507904,2301.890785
1.584999918937683,1.7062499523162842,7.459354400634766,7.83925724029541,516096,2337.814074
1.8012499809265137,2.007499933242798,8.467330932617188,9.225299835205078,524288,2373.887389
1.9837498664855957,1.8499999046325684,9.306686401367188,8.485280990600586,532480,2409.733745
1.8437498807907104,1.7387498617172241,8.637373924255371,7.969086170196533,540672,2445.900626
1.6487499475479126,1.891249656677246,7.720376014709473,8.666553497314453,548864,2481.934306
1.8062498569488525,1.84499990940094,8.44946002960205,8.44442367553711,557056,2518.013957
1.779999852180481,1.7399998903274536,8.311224937438965,7.955807685852051,565248,2554.037227
1.9499998092651367,1.8562499284744263,9.097250938415527,8.483013153076172,573440,2590.038562
1.6737499237060547,1.871249794960022,7.797947883605957,8.541401863098145,581632,2626.025544
1.9062498807907104,1.628749966621399,8.87808895111084,7.419094562530518,589824,2662.030453
1.941249966621399,1.5762499570846558,9.015244483947754,7.176305294036865,598016,2698.003927
1.8125,2.0174999237060547,8.398344993591309,9.181105613708496,606208,2734.134577
1.8312499523162842,1.8737499713897705,8.474318504333496,8.512815475463867,614400,2770.065912
1.8174998760223389,1.8149999380111694,8.403432846069336,8.24483585357666,622592,2806.065777
1.9124997854232788,1.7512497901916504,8.829809188842773,7.95505952835083,630784,2842.028114
1.8899998664855957,1.9512498378753662,8.719179153442383,8.86014175415039,638976,2877.917354
1.9474999904632568,1.7587499618530273,8.977676391601562,7.97712516784668,647168,2913.936748
1.804999828338623,1.7774999141693115,8.313898086547852,8.050093650817871,655360,2949.996733
1.6312499046325684,1.7249999046325684,7.512173652648926,7.80071496963501,663552,2985.986092
1.8912498950958252,1.7612497806549072,8.699518203735352,7.954307556152344,671744,3022.078138
1.6899999380111694,1.9012500047683716,7.767611026763916,8.58003044128418,679936,3058.024772
1.8687500953674316,1.7350000143051147,8.580759048461914,7.824547290802002,688128,3094.16215
1.7974997758865356,1.7662498950958252,8.245879173278809,7.957670211791992,696320,3130.242131
1.9187496900558472,1.9175000190734863,8.783883094787598,8.624537467956543,704512,3166.101533
1.9137499332427979,1.6875,8.743247985839844,7.576090335845947,712704,3202.129491
1.7774999141693115,1.6462498903274536,8.108006477355957,7.384463310241699,720896,3238.149453
1.8624999523162842,1.7937498092651367,8.48319149017334,8.04220199584961,729088,3274.271726
1.7812498807907104,1.659999966621399,8.10000228881836,7.434144973754883,737280,3310.309186
1.7424999475479126,1.8799998760223389,7.921967029571533,8.405067443847656,745472,3346.202987
1.8662500381469727,1.9237499237060547,8.480154037475586,8.589543342590332,753664,3382.167294
1.748749852180481,1.8374998569488525,7.9381422996521,8.198023796081543,761856,3418.008916
1.875,2.026249885559082,8.504955291748047,9.03022289276123,770048,3454.105296
1.7974998950958252,1.7187498807907104,8.1469144821167,7.659374237060547,778240,3490.130262
1.93874990940094,1.8599998950958252,8.775788307189941,8.288276672363281,786432,3526.03499
1.803749918937683,1.9574998617172241,8.157180786132812,8.713001251220703,794624,3561.975484
1.811249852180481,1.866249918937683,8.188836097717285,8.29658317565918,802816,3597.901403
1.7987498044967651,1.847499966621399,8.128365516662598,8.2078218460083,811008,3633.978597
1.6662499904632568,1.7424999475479126,7.517533779144287,7.736242294311523,819200,3670.025805
1.8112497329711914,1.872499942779541,8.167535781860352,8.304487228393555,827392,3706.023352
2.0037498474121094,1.9262498617172241,9.025589942932129,8.540722846984863,835584,3741.899181
2.0062499046325684,1.8874998092651367,9.023173332214355,8.362302780151367,843776,3777.851783
1.9312498569488525,1.8712499141693115,8.680183410644531,8.284369468688965,851968,3813.78598
1.8937500715255737,1.6587499380111694,8.507651329040527,7.341794490814209,860160,3849.742808
1.6949999332427979,1.5487499237060547,7.611221790313721,6.852358341217041,868352,3885.683222
1.9450000524520874,1.8649998903274536,8.732620239257812,8.24876594543457,876544,3921.620592
1.773749828338623,1.9849998950958252,7.9501118659973145,8.769681930541992,884736,3957.785012
1.808750033378601,1.9237499237060547,8.098928451538086,8.4903564453125,892928,3993.735738
1.9837499856948853,1.9062498807907104,8.878171920776367,8.409597396850586,901120,4029.797018
1.9312498569488525,1.7887500524520874,8.636890411376953,7.886244297027588,909312,4065.721529
1.773749828338623,1.8462498188018799,7.92997932434082,8.1356201171875,917504,4101.718831
1.9674999713897705,1.8349997997283936,8.78901195526123,8.081195831298828,925696,4137.884712
1.9037498235702515,1.872499942779541,8.500663757324219,8.2355318069458,933888,4173.740331
1.8574998378753662,1.7062498331069946,8.28830623626709,7.492990016937256,942080,4209.811658
1.7462499141693115,1.9224997758865356,7.785557746887207,8.441498756408691,950272,4245.722693
1.9412498474121094,1.8774999380111694,8.651044845581055,8.242788314819336,958464,4281.661829
1.8875000476837158,1.7487497329711914,8.407387733459473,7.679376602172852,966656,4317.708388
1.8274999856948853,2.016249895095825,8.137980461120605,8.846921920776367,974848,4353.560558
2.0274999141693115,1.8549997806549072,9.01855182647705,8.13072681427002,983040,4389.528488
1.90625,1.9349998235702515,8.466242790222168,8.477231979370117,991232,4425.447441
1.9224997758865356,1.8125,8.526845932006836,7.932158470153809,999424,4461.498287
1.9312498569488525,1.8912497758865356,8.562232971191406,8.27503776550293,1007616,4497.621157
2.0724997520446777,1.9362499713897705,9.185415267944336,8.464630126953125,1015808,4586.668606
2.0062499046325684,1.991249918937683,8.854622840881348,8.700484275817871,1024000,4622.978
1.7762500047683716,2.00249981880188,7.829880714416504,8.741154670715332,1032192,4659.005365
1.9024999141693115,1.9737498760223389,8.378268241882324,8.60777473449707,1040384,4694.922785
1.9199997186660767,1.8475000858306885,8.449484825134277,8.050429344177246,1048576,4730.883449
1.8549998998641968,1.612499713897705,8.15738582611084,7.022200584411621,1056768,4766.981487
1.9474998712539673,1.9187499284744263,8.55267333984375,8.35265827178955,1064960,4802.845205
1.7274999618530273,1.9049999713897705,7.583639144897461,8.286505699157715,1073152,4838.824266
1.7624999284744263,1.9987499713897705,7.732648849487305,8.680765151977539,1081344,4874.58579
1.6987500190734863,1.7537498474121094,7.4467949867248535,7.608193874359131,1089536,4910.629858
1.975000023841858,1.90749990940094,8.652181625366211,8.269991874694824,1097728,4946.841861
1.7712498903274536,1.8262499570846558,7.753635406494141,7.912022590637207,1105920,4982.598554
1.7312499284744263,1.8962498903274536,7.574021339416504,8.2112455368042,1114112,5018.473381
1.725000023841858,1.7712498903274536,7.545193672180176,7.66351842880249,1122304,5054.447344
1.7499998807907104,1.9399999380111694,7.650665283203125,8.39144229888916,1130496,5090.539599
1.8049999475479126,1.8474998474121094,7.885073661804199,7.984889507293701,1138688,5126.747571
1.9487498998641968,2.054999828338623,8.505534172058105,8.87718391418457,1146880,5162.649089
1.872499704360962,1.8624999523162842,8.1640043258667,8.039912223815918,1155072,5198.626113
1.9699997901916504,1.8599998950958252,8.582895278930664,8.022513389587402,1163264,5234.4892
1.9312498569488525,1.9824998378753662,8.40544319152832,8.543968200683594,1171456,5270.409599
1.4712499380111694,1.8437498807907104,6.397993087768555,7.939667224884033,1179648,5306.506971
1.8412500619888306,1.9862499237060547,8.002623558044434,8.546401977539062,1187840,5342.365584
1.941249966621399,1.7412500381469727,8.433073043823242,7.487462997436523,1196032,5378.344901
1.817500114440918,1.9812498092651367,7.884002685546875,8.509048461914062,1204224,5414.219272
1.9212498664855957,1.8824999332427979,8.329367637634277,8.08177661895752,1212416,5450.323429
2.0724997520446777,1.8899998664855957,8.978337287902832,8.109386444091797,1220608,5486.358033
1.8612499237060547,1.8337500095367432,8.055081367492676,7.860747337341309,1228800,5522.197943
1.8249998092651367,1.8562498092651367,7.894076347351074,7.950449466705322,1236992,5558.099137
1.8212497234344482,1.9637497663497925,7.87361478805542,8.400333404541016,1245184,5593.978847
1.8424999713897705,1.87624990940094,7.960634708404541,8.020182609558105,1253376,5629.948046
2.0949997901916504,1.8999998569488525,9.042729377746582,8.112929344177246,1261568,5665.966111
1.998749852180481,1.940000057220459,8.618227005004883,8.280233383178711,1269760,5701.92289
1.807499885559082,1.9275000095367432,7.786329746246338,8.220645904541016,1277952,5738.044153
1.9749999046325684,2.0537497997283936,8.496596336364746,8.75108528137207,1286144,5774.130834
1.8999998569488525,2.115000009536743,8.166791915893555,9.000958442687988,1294336,5809.970812
2.0987496376037598,1.8887498378753662,9.01346206665039,8.030783653259277,1302528,5845.917067
2.004999876022339,2.1574997901916504,8.6024169921875,9.166690826416016,1310720,5881.737841
1.8574998378753662,2.153749942779541,7.957898139953613,9.138047218322754,1318912,5917.622848
1.9137499332427979,1.9462499618530273,8.192256927490234,8.250784873962402,1327104,5953.640932
1.8862497806549072,1.8962500095367432,8.066204071044922,8.032394409179688,1335296,5989.635861
2.2249999046325684,2.0225000381469727,9.496528625488281,8.56158447265625,1343488,6025.565502
1.84375,2.0137500762939453,7.856634616851807,8.516349792480469,1351680,6061.483469
2.076249837875366,2.163749933242798,8.840445518493652,9.141063690185547,1359872,6097.504755
2.09624981880188,2.0225000381469727,8.915614128112793,8.5309419631958,1368064,6133.567832
2.1337499618530273,2.1812500953674316,9.063332557678223,9.185885429382324,1376256,6169.349406
1.9600000381469727,2.0749998092651367,8.315973281860352,8.723875999450684,1384448,6205.21053
2.2049999237060547,1.9262499809265137,9.33919906616211,8.090449333190918,1392640,6241.065453
2.013749837875366,2.1049997806549072,8.509883880615234,8.837844848632812,1400832,6276.871538
2.1362497806549072,2.057499885559082,9.014920234680176,8.624914169311523,1409024,6312.814976
1.9950000047683716,2.0299999713897705,8.404446601867676,8.499794960021973,1417216,6348.483179
2.06499981880188,1.8399999141693115,8.69001293182373,7.694753646850586,1425408,6384.456492
2.1637496948242188,2.1712498664855957,9.091371536254883,9.070927619934082,1433600,6420.30395
2.278749942779541,2.1012496948242188,9.558606147766113,8.768976211547852,1441792,6456.10175
2.148749828338623,2.0612497329711914,9.002933502197266,8.595193862915039,1449984,6492.049028
2.0174999237060547,2.1937499046325684,8.4382963180542,9.135420799255371,1458176,6527.827063
2.0174999237060547,2.213749885559082,8.423734664916992,9.207595825195312,1466368,6563.656865
2.1750001907348633,1.9437499046325684,9.071057319641113,8.073975563049316,1474560,6599.456234
1.9712498188018799,2.3587498664855957,8.211766242980957,9.79163646697998,1482752,6635.321598
2.2012500762939453,2.1087498664855957,9.16109561920166,8.741872787475586,1490944,6671.250118
2.179999828338623,2.424999713897705,9.05660343170166,10.040756225585938,1499136,6706.894528
2.143749713897705,2.2612497806549072,8.894051551818848,9.350471496582031,1507328,6742.653104
2.2124998569488525,2.2287497520446777,9.166643142700195,9.203451156616211,1515520,6778.381907
2.021250009536743,2.4312496185302734,8.36288070678711,10.021032333374023,1523712,6814.253588
2.125,2.0450000762939453,8.78451919555664,8.414970397949219,1531904,6850.14268
1.9787499904632568,2.1337499618530273,8.171446800231934,8.76655387878418,1540096,6885.875453
2.304999828338623,2.0662498474121094,9.50789737701416,8.474493026733398,1548288,6921.712886
2.0225000381469727,2.216249942779541,8.33272647857666,9.077876091003418,1556480,6957.705476
2.1037497520446777,2.044999599456787,8.657782554626465,8.367936134338379,1564672,6993.520652
1.936249852180481,2.1762497425079346,7.957888126373291,8.892210006713867,1572864,7029.427356
2.0062499046325684,2.0687499046325684,8.238995552062988,8.439901351928711,1581056,7065.223813
2.237499952316284,1.9624998569488525,9.175671577453613,7.996060371398926,1589248,7101.017856
2.1737496852874756,2.1499998569488525,8.903764724731445,8.751750946044922,1597440,7136.79598
1.843749761581421,2.1237497329711914,7.543274879455566,8.635251998901367,1605632,7172.707285
2.1737496852874756,2.1837496757507324,8.883223533630371,8.871644020080566,1613824,7208.703182
2.0537497997283936,2.208749771118164,8.384805679321289,8.966343879699707,1622016,7244.542465
2.174999952316284,2.0199999809265137,8.868885040283203,8.195595741271973,1630208,7280.50549
2.0349998474121094,2.0849997997283936,8.288847923278809,8.4541597366333,1638400,7316.503391
2.098749876022339,2.1050000190734863,8.539643287658691,8.525382041931152,1646592,7352.279952
2.023750066757202,2.288749933242798,8.230202674865723,9.258407592773438,1654784,7388.091092
1.9137499332427979,2.081249713897705,7.776161193847656,8.408443450927734,1662976,7423.813189
1.9112498760223389,1.9187498092651367,7.757762908935547,7.744346618652344,1671168,7459.614064
2.172499895095825,1.8587498664855957,8.806355476379395,7.491199493408203,1679360,7495.550311
1.9175000190734863,1.9762499332427979,7.764742851257324,7.953258514404297,1687552,7531.320365
2.0949997901916504,2.0399999618530273,8.475188255310059,8.196502685546875,1695744,7567.168835
2.218749761581421,2.033750057220459,8.96277141571045,8.163368225097656,1703936,7603.04487
2.0974998474121094,2.2224998474121094,8.46142292022705,8.911086082458496,1712128,7638.871179
2.3537497520446777,2.216249942779541,9.483660697937012,8.875520706176758,1720320,7674.862595
1.9737498760223389,2.396250009536743,7.941753387451172,9.585492134094238,1728512,7710.604824
1.9137499332427979,2.1474997997283936,7.695621490478516,8.576409339904785,1736704,7746.361797
2.273749828338623,2.182499885559082,9.137958526611328,8.706485748291016,1744896,7782.254133
2.153749704360962,2.5,8.64543342590332,9.958711624145508,1753088,7817.934149
2.3587498664855957,2.0974998474121094,9.459766387939453,8.342888832092285,1761280,7853.987836
2.0324997901916504,2.1062498092651367,8.14496898651123,8.373111724853516,1769472,7889.905925
2.263749837875366,2.189999580383301,9.063901901245117,8.697402954101562,1777664,7925.660162
2.247499704360962,2.1787497997283936,8.991487503051758,8.64137077331543,1785856,7961.474665
2.299999952316284,2.406249761581421,9.19307804107666,9.53799057006836,1794048,7997.213949
2.288749933242798,2.2562499046325684,9.137711524963379,8.934487342834473,1802240,8033.079293
2.2024998664855957,2.3399999141693115,8.784416198730469,9.254959106445312,1810432,8068.775373
2.1812498569488525,2.081249713897705,8.690238952636719,8.22059440612793,1818624,8104.412643
2.083749771118164,2.0174996852874756,8.295308113098145,7.963827133178711,1826816,8140.330726
2.1599998474121094,2.0274999141693115,8.592001914978027,7.9973225593566895,1835008,8175.9824
2.2387499809265137,2.2549996376037598,8.895302772521973,8.885831832885742,1843200,8211.877875
2.2599997520446777,2.161249876022339,8.96869945526123,8.507390022277832,1851392,8247.673277
2.28374981880188,2.3787498474121094,9.053813934326172,9.346141815185547,1859584,8283.384356
2.3637499809265137,2.4124999046325684,9.362452507019043,9.463716506958008,1867776,8319.14167
2.367499828338623,2.1399998664855957,9.367697715759277,8.383068084716797,1875968,8354.793737
2.1399998664855957,2.3162498474121094,8.46033763885498,9.06597900390625,1884160,8390.681357
2.2312498092651367,2.523750066757202,8.81071662902832,9.867973327636719,1892352,8426.440763
2.221250057220459,2.322499990463257,8.761249542236328,9.069424629211426,1900544,8462.201928
2.461249828338623,2.203749895095825,9.69682788848877,8.595438003540039,1908736,8498.087999
2.4762496948242188,2.369999647140503,9.741782188415527,9.234591484069824,1916928,8533.765871
2.1374998092651367,2.254999876022339,8.400463104248047,8.776031494140625,1925120,8569.649656
2.2674999237060547,2.0849997997283936,8.899236679077148,8.103837013244629,1933312,8605.391286
2.3199996948242188,2.268749713897705,9.091598510742188,8.810623168945312,1941504,8640.959778
2.1999998092651367,2.1999998092651367,8.60767936706543,8.534900665283203,1949696,8676.706601
2.096250057220459,2.4524998664855957,8.192054748535156,9.505111694335938,1957888,8712.337987
2.096249580383301,2.2512500286102295,8.184257507324219,8.716720581054688,1966080,8748.285696
2.036249876022339,2.268749713897705,7.942090034484863,8.774555206298828,1974272,8784.037015
2.1474997997283936,2.2312498092651367,8.369640350341797,8.618098258972168,1982464,8819.6809
2.1937499046325684,2.132499933242798,8.542213439941406,8.228605270385742,1990656,8855.568856
2.2562499046325684,2.31499981880188,8.77491569519043,8.924615859985352,1998848,8891.149737
2.3037497997283936,2.2437498569488525,8.95176887512207,8.6410493850708,2007040,8927.086497
2.4549999237060547,2.0174996852874756,9.530585289001465,7.764011859893799,2015232,9015.704824
2.432499647140503,2.2462499141693115,9.417020797729492,8.639802932739258,2023424,9051.924412
2.221250057220459,2.2099997997283936,8.592342376708984,8.4946928024292,2031616,9087.809135
2.37749981880188,2.2937498092651367,9.189201354980469,8.81149959564209,2039808,9123.549116
2.2362499237060547,2.3524999618530273,8.635710716247559,9.030070304870605,2048000,9159.437906
2.2537498474121094,2.5324997901916504,8.693778991699219,9.710850715637207,2056192,9195.258873
2.326249837875366,2.2537498474121094,8.962955474853516,8.632614135742188,2064384,9230.928201
2.3737497329711914,2.424999713897705,9.136762619018555,9.279257774353027,2072576,9266.725208
2.463749885559082,2.391249895095825,9.472524642944336,9.136526107788086,2080768,9302.237781
2.331249713897705,2.3662495613098145,8.952055931091309,9.028993606567383,2088960,9337.992411
2.2824997901916504,2.336249828338623,8.75657844543457,8.904813766479492,2097152,9373.778827
2.4237496852874756,2.336249828338623,9.288581848144531,8.89699935913086,2105344,9409.419155
2.2224998474121094,2.174999952316284,8.509282112121582,8.274253845214844,2113536,9445.267409
2.3012497425079346,2.494999647140503,8.799206733703613,9.481841087341309,2121728,9480.743852
2.28374981880188,2.3399996757507324,8.72469425201416,8.885082244873047,2129920,9516.541361
2.3837497234344482,2.5275001525878906,9.098498344421387,9.588844299316406,2138112,9552.351112
2.40874981880188,2.3187496662139893,9.183544158935547,8.787530899047852,2146304,9587.908051
2.4674997329711914,2.2312498092651367,9.398638725280762,8.444124221801758,2154496,9623.746014
2.2987499237060547,2.281249761581421,8.745441436767578,8.626774787902832,2162688,9659.342843
2.3137500286102295,2.4312500953674316,8.794702529907227,9.189933776855469,2170880,9695.267993
2.254999876022339,2.3787498474121094,8.566100120544434,8.983752250671387,2179072,9731.089285
2.3012499809265137,2.244999885559082,8.735883712768555,8.47353744506836,2187264,9766.663272
2.2649998664855957,2.4749999046325684,8.58990478515625,9.333879470825195,2195456,9802.469972
2.581249713897705,2.0487499237060547,9.779738426208496,7.7177348136901855,2203648,9838.01148
2.2362499237060547,2.302499771118164,8.46430492401123,8.66724967956543,2211840,9873.878538
2.1812500953674316,2.3299999237060547,8.250253677368164,8.765823364257812,2220032,9909.663322
2.112499952316284,2.129999876022339,7.985324859619141,8.009089469909668,2228224,9945.32684
2.3374998569488525,2.3212497234344482,8.83064079284668,8.724689483642578,2236416,9981.194555
2.088749885559082,2.0625,7.885400772094727,7.748424530029297,2244608,10016.749239
2.297499895095825,2.391249895095825,8.667817115783691,8.979126930236816,2252800,10052.701044
2.234999656677246,2.249999761581421,8.42713451385498,8.443885803222656,2260992,10088.577236
2.1137499809265137,2.544999837875366,7.964662551879883,9.548099517822266,2269184,10124.221046
2.3499999046325684,2.1649997234344482,8.849857330322266,8.114293098449707,2277376,10159.89602
2.2649998664855957,2.3974997997283936,8.525328636169434,8.980213165283203,2285568,10195.464084
2.1475000381469727,2.4574997425079346,8.07711410522461,9.198349952697754,2293760,10231.274448
2.427500009536743,2.268749713897705,9.12197494506836,8.485054969787598,2301952,10266.968001
2.4024996757507324,2.3449997901916504,9.023200035095215,8.764461517333984,2310144,10302.57067
2.3249998092651367,2.187499761581421,8.722755432128906,8.172669410705566,2318336,10338.397786
2.211249828338623,2.234999656677246,8.289851188659668,8.346077919006348,2326528,10373.939232
2.257499933242798,2.3924996852874756,8.4589262008667,8.930583000183105,2334720,10409.757656
2.396249771118164,2.1987497806549072,8.971734046936035,8.201355934143066,2342912,10445.348823
2.161249876022339,2.122499942779541,8.085127830505371,7.9122748374938965,2351104,10480.909766
2.1937499046325684,2.067499876022339,8.201205253601074,7.702033996582031,2359296,10516.629604
2.2149999141693115,2.2624998092651367,8.273015975952148,8.4227294921875,2367488,10552.189066
2.4074997901916504,2.0737497806549072,8.982141494750977,7.715420722961426,2375680,10588.012853
2.232499837875366,2.247499942779541,8.318635940551758,8.355259895324707,2383872,10623.762692
2.5249998569488525,2.266249895095825,9.39891242980957,8.417489051818848,2392064,10659.436617
2.3799996376037598,2.124999761581421,8.851866722106934,7.884244918823242,2400256,10695.185266
2.4524998664855957,2.2824997901916504,9.11686897277832,8.460022926330566,2408448,10730.80249
2.5249998569488525,2.2074999809265137,9.378226280212402,8.175613403320312,2416640,10766.683298
2.333749771118164,2.297499895095825,8.65866470336914,8.502243041992188,2424832,10802.418817
2.206249713897705,2.2024996280670166,8.17839527130127,8.14614200592041,2433024,10838.027153
2.3662497997283936,2.1837499141693115,8.76671028137207,8.071374893188477,2441216,10873.744566
2.007499933242798,2.3324999809265137,7.432655334472656,8.616217613220215,2449408,10909.445318
2.276249885559082,2.451249837875366,8.420416831970215,9.047636032104492,2457600,10945.281205
2.4649999141693115,2.18999981880188,9.109749794006348,8.075958251953125,2465792,10981.027392
2.521250009536743,2.348749876022339,9.31136703491211,8.65528678894043,2473984,11016.661654
2.3899996280670166,2.4624998569488525,8.820025444030762,9.069316864013672,2482176,11052.300908
2.4474997520446777,2.440000057220459,9.024032592773438,8.979521751403809,2490368,11087.74662
2.513749837875366,2.4937498569488525,9.260736465454102,9.168838500976562,2498560,11123.476943
2.6937496662139893,2.432499885559082,9.91574764251709,8.93263053894043,2506752,11159.103875
2.4237499237060547,2.427499532699585,8.912028312683105,8.908089637756348,2514944,11194.671506
2.1137499809265137,2.2537498474121094,7.765637397766113,8.266077995300293,2523136,11230.376693
2.3224997520446777,2.4262497425079346,8.524863243103027,8.89311695098877,2531328,11265.834517
2.494999885559082,2.4149997234344482,9.152389526367188,8.84435749053955,2539520,11301.587368
2.2699997425079346,2.2774999141693115,8.322603225708008,8.332399368286133,2547712,11337.137703
2.2312498092651367,2.341249704360962,8.175331115722656,8.560319900512695,2555904,11372.762533
2.0462498664855957,2.3299996852874756,7.49295711517334,8.512795448303223,2564096,11408.379184
2.357499837875366,2.513749837875366,8.629363059997559,9.177845001220703,2572288,11443.865907
2.3849997520446777,2.3137497901916504,8.7220458984375,8.441534996032715,2580480,11479.641944
2.4749999046325684,2.2724997997283936,9.043352127075195,8.28677749633789,2588672,11515.330388
2.326249837875366,2.5124998092651367,8.492116928100586,9.15460205078125,2596864,11550.908994
2.343749523162842,2.3087499141693115,8.549973487854004,8.404170989990234,2605056,11586.494567
2.554999828338623,2.4024999141693115,9.312633514404297,8.738884925842285,2613248,11621.963764
2.2362499237060547,2.3499999046325684,8.143871307373047,8.541081428527832,2621440,11657.653845
2.5637497901916504,2.413749933242798,9.328995704650879,8.764751434326172,2629632,11693.210631
2.317499876022339,2.463749885559082,8.426908493041992,8.93992805480957,2637824,11728.724682
2.5562498569488525,2.326249837875366,9.2885160446167,8.434576034545898,2646016,11764.37894
2.3262500762939453,2.3862500190734863,8.447890281677246,8.64488697052002,2654208,11799.917168
2.333749771118164,2.521249771118164,8.47132682800293,9.127006530761719,2662400,11835.511467
2.2725000381469727,2.40874981880188,8.243305206298828,8.713603019714355,2670592,11871.024194
2.299999713897705,2.4437496662139893,8.336665153503418,8.834428787231445,2678784,11906.534698
2.2224998474121094,2.3999998569488525,8.049723625183105,8.669232368469238,2686976,11942.218491
2.3812499046325684,2.299999952316284,8.61644458770752,8.29893684387207,2695168,11977.736394
2.249999761581421,2.5987496376037598,8.134340286254883,9.368900299072266,2703360,12013.45862
2.309999942779541,2.3787498474121094,8.344497680664062,8.569642066955566,2711552,12049.110189
2.629999876022339,2.3174996376037598,9.493525505065918,8.343740463256836,2719744,12084.762113
2.4787497520446777,2.268749713897705,8.93946647644043,8.163749694824219,2727936,12120.323853
2.3637497425079346,2.3899998664855957,8.517498016357422,8.59508228302002,2736128,12155.751031
2.424999713897705,2.0437498092651367,8.731317520141602,7.344818592071533,2744320,12191.253609
2.146249771118164,2.3212499618530273,7.720982551574707,8.338079452514648,2752512,12226.736737
2.507499933242798,2.5899996757507324,9.014777183532715,9.294159889221191,2760704,12262.171918
2.5099997520446777,2.4987497329711914,9.01704216003418,8.959966659545898,2768896,12297.680042
2.468749761581421,2.5274999141693115,8.862568855285645,9.058457374572754,2777088,12333.223887
2.5949997901916504,2.46875,9.309886932373047,8.841424942016602,2785280,12368.808942
2.3737497329711914,2.6937499046325684,8.509930610656738,9.640274047851562,2793472,12404.381784
2.377499580383301,2.4699997901916504,8.518962860107422,8.83243465423584,2801664,12439.994913
2.247499942779541,2.4149999618530273,8.048226356506348,8.62920093536377,2809856,12475.45554
2.4375,2.2962498664855957,8.723864555358887,8.19870662689209,2818048,12510.898255
2.518749952316284,2.4387497901916504,9.007408142089844,8.704391479492188,2826240,12546.519886
2.6474997997283936,2.4387497901916504,9.46037483215332,8.697925567626953,2834432,12581.846095
2.4912497997283936,2.341249704360962,8.894274711608887,8.342472076416016,2842624,12617.327286
2.5437498092651367,2.453749895095825,9.075242042541504,8.737746238708496,2850816,12652.848772
2.513749837875366,2.2599997520446777,8.963462829589844,8.042360305786133,2859008,12688.360137
2.367500066757202,2.2299997806549072,8.435761451721191,7.93243408203125,2867200,12723.768501
2.513749837875366,2.357499837875366,8.952166557312012,8.381060600280762,2875392,12759.27764
2.5274999141693115,2.424999713897705,8.997124671936035,8.616772651672363,2883584,12794.91016
2.369999885559082,2.521249771118164,8.431136131286621,8.954680442810059,2891776,12830.430186
2.2224998474121094,2.367500066757202,7.901347637176514,8.404273986816406,2899968,12866.012354
2.646250009536743,2.6337499618530273,9.402965545654297,9.343805313110352,2908160,12901.562958
2.234999895095825,2.4437499046325684,7.937501430511475,8.661646842956543,2916352,12937.122403
2.3537497520446777,2.47124981880188,8.35676097869873,8.75339412689209,2924544,12972.661207
2.406249761581421,2.4962496757507324,8.539803504943848,8.838249206542969,2932736,13008.083628
2.3499999046325684,2.216249942779541,8.336494445800781,7.8434247970581055,2940928,13043.618277
2.489999771118164,2.4650001525878906,8.829324722290039,8.719593048095703,2949120,13079.140789
2.3862500190734863,2.559999942779541,8.458436012268066,9.052203178405762,2957312,13114.649201
2.526250123977661,2.2725000381469727,8.950865745544434,8.032039642333984,2965504,13150.098964
2.4162497520446777,2.3924999237060547,8.556530952453613,8.451786041259766,2973696,13185.525393
2.4937498569488525,2.3662500381469727,8.826635360717773,8.352914810180664,2981888,13221.141258
2.4175000190734863,2.2987499237060547,8.552321434020996,8.109148979187012,2990080,13256.603003
2.4937498569488525,2.4149999618530273,8.817816734313965,8.51462173461914,2998272,13291.971874
2.4549999237060547,2.4149997234344482,8.676980972290039,8.50990104675293,3006464,13327.576892
2.5637497901916504,2.559999704360962,9.056661605834961,9.01605224609375,3014656,13415.496851
2.591249942779541,2.708750009536743,9.139307022094727,9.534238815307617,3022848,13451.224493
2.379999876022339,2.521250009536743,8.390769958496094,8.87106704711914,3031040,13486.684034
2.2649998664855957,2.5625,7.982176780700684,9.012791633605957,3039232,13522.238209
2.1687495708465576,2.565000057220459,7.639848709106445,9.017463684082031,3047424,13557.715622
2.427499771118164,2.326249837875366,8.547353744506836,8.17355728149414,3055616,13593.122162
2.453749895095825,2.3212499618530273,8.635310173034668,8.151562690734863,3063808,13628.684981
2.5437498092651367,2.552499771118164,8.947744369506836,8.959846496582031,3072000,13664.083893
2.3324999809265137,2.201249837875366,8.20186710357666,7.722728729248047,3080192,13699.590417
2.2599997520446777,2.1549997329711914,7.943179130554199,7.555930137634277,3088384,13734.995553
2.528749704360962,2.3512496948242188,8.884933471679688,8.239500999450684,3096576,13770.501571
2.513749837875366,2.1887497901916504,8.828767776489258,7.666620254516602,3104768,13805.987648
2.4600000381469727,2.367499828338623,8.635419845581055,8.289328575134277,3112960,13841.519467
2.6862497329711914,2.117500066757202,9.425448417663574,7.410799503326416,3121152,13877.086536
2.208749771118164,2.2049999237060547,7.744884490966797,7.713886260986328,3129344,13912.570989
2.572499990463257,2.5062499046325684,9.016283988952637,8.762628555297852,3137536,13948.051849
2.336250066757202,2.37749981880188,8.184803009033203,8.309271812438965,3145728,13983.66926
2.4674997329711914,2.5149998664855957,8.640771865844727,8.787317276000977,3153920,14019.163344
2.581249713897705,2.4262499809265137,9.0333890914917,8.474580764770508,3162112,14054.645969
2.458749771118164,2.4437496662139893,8.600358963012695,8.532340049743652,3170304,14090.178781
2.567500114440918,2.4774997234344482,8.976642608642578,8.647760391235352,3178496,14125.670989
2.523749828338623,2.531249761581421,8.819089889526367,8.831907272338867,3186688,14161.240431
2.4162497520446777,2.1987497806549072,8.44078540802002,7.669316291809082,3194880,14196.652157
2.7099997997283936,2.4724998474121094,9.463695526123047,8.620567321777344,3203072,14232.091962
2.336249828338623,2.588749885559082,8.153436660766602,9.023782730102539,3211264,14267.555379
2.6062495708465576,2.442499876022339,9.090814590454102,8.510933876037598,3219456,14303.03576
2.6499998569488525,2.5900001525878906,9.240078926086426,9.021398544311523,3227648,14338.458787
2.432499885559082,2.602499485015869,8.477569580078125,9.06102180480957,3235840,14373.984691
2.1762499809265137,2.1424999237060547,7.581894397735596,7.456280708312988,3244032,14409.51827
2.3974997997283936,2.34375,8.35018539428711,8.153962135314941,3252224,14445.065684
2.1624999046325684,2.2674996852874756,7.53038215637207,7.885680198669434,3260416,14480.66616
2.391249656677246,2.1000001430511475,8.324594497680664,7.300683975219727,3268608,14516.252658
2.338749885559082,2.466249942779541,8.140362739562988,8.569748878479004,3276800,14551.842431
2.5012497901916504,2.5249996185302734,8.703277587890625,8.7689208984375,3284992,14587.455906
2.4212498664855957,2.4362497329711914,8.421992301940918,8.45806884765625,3293184,14622.884709
2.513749599456787,2.5749998092651367,8.740164756774902,8.937422752380371,3301376,14658.398661
2.5799996852874756,2.34624981880188,8.965814590454102,8.141637802124023,3309568,14693.907827
2.573749542236328,2.5074996948242188,8.939484596252441,8.698384284973145,3317760,14729.313689
2.422499895095825,2.68999981880188,8.409134864807129,9.326042175292969,3325952,14764.667995
2.3712496757507324,2.624999761581421,8.227837562561035,9.094834327697754,3334144,14800.132262
2.6187498569488525,2.643749952316284,9.082452774047852,9.154075622558594,3342336,14835.630503
2.5274999141693115,2.5399997234344482,8.76125717163086,8.789453506469727,3350528,14871.014008
2.581249713897705,2.552499771118164,8.942593574523926,8.829740524291992,3358720,14906.413785
2.552500009536743,2.456249952316284,8.838529586791992,8.494279861450195,3366912,14941.90399
2.484999656677246,2.336249828338623,8.59972095489502,8.075542449951172,3375104,14977.398891
2.466249942779541,2.6875,8.529685974121094,9.28456974029541,3383296,15012.938551
2.59375,2.5974998474121094,8.967331886291504,8.969188690185547,3391488,15048.563743
2.3899998664855957,2.328749895095825,8.257919311523438,8.035573959350586,3399680,15084.124798
2.8449997901916504,2.5687501430511475,9.825078010559082,8.859759330749512,3407872,15119.671949
2.482499837875366,2.377500057220459,8.568575859069824,8.195695877075195,3416064,15155.073902
2.6087498664855957,2.583749771118164,9.001873970031738,8.902807235717773,3424256,15190.694778
2.7874999046325684,2.648750066757202,9.615808486938477,9.122101783752441,3432448,15226.182283
2.653749704360962,2.5074996948242188,9.151154518127441,8.631082534790039,3440640,15261.738082
2.4262499809265137,2.6549997329711914,8.363268852233887,9.134334564208984,3448832,15297.225447
2.7124998569488525,2.8062498569488525,9.346813201904297,9.65004825592041,3457024,15332.640605
2.50249981880188,2.569999933242798,8.619839668273926,8.833130836486816,3465216,15367.991332
2.5687499046325684,2.562499761581421,8.843838691711426,8.80164909362793,3473408,15403.292355
2.2312498092651367,2.6012496948242188,7.6791090965271,8.930110931396484,3481600,15438.660609
2.576249837875366,2.6162500381469727,8.862577438354492,8.977115631103516,3489792,15474.07564
2.4387495517730713,2.521249771118164,8.38402271270752,8.6462984085083,3497984,15509.303113
2.6574997901916504,2.6424999237060547,9.131282806396484,9.058211326599121,3506176,15544.698598
2.4549996852874756,2.56499981880188,8.430100440979004,8.788813591003418,3514368,15580.058844
2.554999828338623,2.588749647140503,8.769330024719238,8.86760425567627,3522560,15615.560555
2.552499771118164,2.598750114440918,8.75733470916748,8.898106575012207,3530752,15651.093133
2.588749885559082,2.442499876022339,8.877462387084961,8.359848022460938,3538944,15686.540558
2.694999933242798,2.490000009536743,9.236928939819336,8.51983642578125,3547136,15722.190047
2.677499771118164,2.713749885559082,9.171900749206543,9.282096862792969,3555328,15757.502626
2.487499952316284,2.6837496757507324,8.51724624633789,9.174919128417969,3563520,15792.818196
2.583749771118164,2.5899996757507324,8.842314720153809,8.850750923156738,3571712,15828.261266
2.309999942779541,2.7387499809265137,7.901898384094238,9.354984283447266,3579904,15863.628541
2.476249933242798,2.588749885559082,8.467798233032227,8.83884048461914,3588096,15899.022762
2.453749656677246,2.4262499809265137,8.387932777404785,8.27979850769043,3596288,15934.349764
2.37749981880188,2.4099996089935303,8.12451457977295,8.219619750976562,3604480,15969.763895
2.723749876022339,2.37749981880188,9.304134368896484,8.104974746704102,3612672,16005.190336
2.4800000190734863,2.674999713897705,8.466991424560547,9.117758750915527,3620864,16040.681886
2.2124998569488525,2.5124998092651367,7.551305770874023,8.562402725219727,3629056,16076.184964
2.5424997806549072,2.554999828338623,8.676128387451172,8.705425262451172,3637248,16111.567485
2.444999933242798,2.4699995517730713,8.340970039367676,8.414145469665527,3645440,16147.128459
2.653749704360962,2.6762499809265137,9.051054000854492,9.114401817321777,3653632,16182.623807
2.6424999237060547,2.4212496280670166,9.009815216064453,8.24266529083252,3661824,16218.073131
2.4912497997283936,2.6237499713897705,8.491999626159668,8.92961597442627,3670016,16253.595515
2.4912500381469727,2.5387496948242188,8.489619255065918,8.636073112487793,3678208,16288.992849
2.7750000953674316,2.5637497901916504,9.45340347290039,8.717473030090332,3686400,16324.417081
2.4162497520446777,2.523749589920044,8.227154731750488,8.57926082611084,3694592,16359.805899
2.5424997806549072,2.5199997425079346,8.653440475463867,8.564929962158203,3702784,16395.361043
2.372499942779541,2.4499998092651367,8.072009086608887,8.324182510375977,3710976,16430.886775
2.4487497806549072,2.2824997901916504,8.329070091247559,7.75231409072876,3719168,16466.273398
2.5512499809265137,2.4212498664855957,8.675556182861328,8.221697807312012,3727360,16501.94638
2.458749771118164,2.5349996089935303,8.35897159576416,8.604756355285645,3735552,16537.411315
2.4649996757507324,2.452500104904175,8.37743091583252,8.321910858154297,3743744,16572.850016
2.630000114440918,2.4124999046325684,8.936835289001465,8.183916091918945,3751936,16608.231175
2.648750066757202,2.62749981880188,8.997848510742188,8.911149978637695,3760128,16643.536228
2.5149998664855957,2.8262500762939453,8.540740966796875,9.581738471984863,3768320,16678.951611
2.7487499713897705,2.461249828338623,9.330869674682617,8.341264724731445,3776512,16714.302011
2.5875000953674316,2.487499713897705,8.779095649719238,8.427522659301758,3784704,16749.603615
2.6524996757507324,2.408749580383301,8.996753692626953,8.15738296508789,3792896,16784.927748
2.504999876022339,2.638749837875366,8.492612838745117,8.931727409362793,3801088,16820.174661
2.6762497425079346,2.5162501335144043,9.06984806060791,8.5146484375,3809280,16855.655968
2.4337501525878906,2.6649999618530273,8.245953559875488,9.015779495239258,3817472,16891.068867
2.684999704360962,2.5974998474121094,9.094294548034668,8.7848539352417,3825664,16926.335105
2.646249771118164,2.632499933242798,8.959531784057617,8.900108337402344,3833856,16961.696851
2.427499771118164,2.653749942779541,8.216422080993652,8.96900749206543,3842048,16996.948571
2.6612496376037598,2.4337496757507324,9.005258560180664,8.222373008728027,3850240,17032.434219
2.8037495613098145,2.716249942779541,8.734889030456543,9.173815727233887,3858432,17067.794075
2.891249895095825,2.6024997234344482,9.025856018066406,8.787315368652344,3866624,17103.178137
2.624999761581421,2.3499999046325684,8.870280265808105,7.932769775390625,3874816,17138.483398
2.28125,2.153749942779541,7.705075740814209,7.269484996795654,3883008,17173.843567
2.5099997520446777,2.7099997997283936,8.47558879852295,9.144452095031738,3891200,17209.441599
2.489999771118164,2.653749942779541,8.405966758728027,8.951383590698242,3899392,17244.798022
2.7262496948242188,2.838749885559082,9.200386047363281,9.573246002197266,3907584,17280.182414
2.888749599456787,2.456249952316284,8.998167037963867,8.279618263244629,3915776,17315.51324
2.87749981880188,2.62749981880188,9.699797630310059,8.854726791381836,3923968,17350.933114
2.4387497901916504,2.807499647140503,8.218337059020996,9.459717750549316,3932160,17386.448425
2.729999542236328,2.638749837875366,9.199113845825195,8.887593269348145,3940352,17421.867046
2.492499589920044,2.489999771118164,8.395746231079102,8.38172721862793,3948544,17457.147517
2.612499713897705,2.4762496948242188,8.797300338745117,8.332759857177734,3956736,17492.630805
2.6299996376037598,2.682499885559082,8.85330581665039,9.023714065551758,3964928,17527.949308
2.4149999618530273,2.429999828338623,8.126935958862305,8.171175956726074,3973120,17563.444659
2.7249999046325684,2.6599996089935303,9.165515899658203,8.940901756286621,3981312,17598.845429
2.831249713897705,2.5874996185302734,9.518657684326172,8.69386100769043,3989504,17634.176379
2.5450000762939453,2.612499713897705,8.553763389587402,8.774188995361328,3997696,17669.464627
2.8874998092651367,2.4387497901916504,9.701836585998535,8.187921524047852,4005888,17704.711358
2.7224998474121094,2.419999837875366,9.14378547668457,8.122106552124023,4014080,17792.406244
2.6449999809265137,2.3349997997283936,8.873485565185547,7.833929061889648,4022272,17828.003414
2.6837496757507324,2.6662497520446777,8.999237060546875,8.942684173583984,4030464,17863.424857
2.526249885559082,2.6362497806549072,8.467315673828125,8.83832836151123,4038656,17898.666374
2.84624981880188,2.666249990463257,9.53648853302002,8.93631362915039,4046848,17933.904452
2.588749647140503,2.453749656677246,8.668733596801758,8.222042083740234,4055040,17969.207038
2.4837498664855957,2.3512496948242188,8.314051628112793,7.875660419464111,4063232,18004.442287
2.552499771118164,2.740000009536743,8.542311668395996,9.175389289855957,4071424,18039.909772
2.609999656677246,2.6599998474121094,8.732766151428223,8.904788970947266,4079616,18075.239348
2.3837499618530273,2.7387497425079346,7.973739147186279,9.165983200073242,4087808,18110.594117
2.4724998474121094,2.549999713897705,8.268207550048828,8.531822204589844,4096000,18145.902118
2.5037496089935303,2.586249828338623,8.370250701904297,8.650262832641602,4104192,18181.213371
2.629999876022339,2.564999580383301,8.79043960571289,8.576157569885254,4112384,18216.474843
2.538749933242798,2.8899998664855957,8.483514785766602,8.921783447265625,4120576,18251.677596
2.521249771118164,2.552499771118164,8.422962188720703,8.526949882507324,4128768,18286.977791
2.4912497997283936,2.6037497520446777,8.319931983947754,8.69674301147461,4136960,18322.362861
2.3824996948242188,2.737499713897705,7.954257488250732,9.140350341796875,4145152,18357.665214
2.562499761581421,2.4987499713897705,8.553509712219238,8.339982986450195,4153344,18393.010807
2.3474998474121094,2.612499713897705,7.833792209625244,8.71610164642334,4161536,18428.313798
2.523749828338623,2.5974996089935303,8.420297622680664,8.663437843322754,4169728,18463.695324
2.4699997901916504,2.4487497806549072,8.238147735595703,8.164225578308105,4177920,18499.172601
2.3949997425079346,2.473749876022339,7.98622465133667,8.244832992553711,4186112,18534.537004
2.482499837875366,2.557499885559082,8.277042388916016,8.522768020629883,4194304,18570.003061
2.434999704360962,2.3787498474121094,8.116549491882324,7.925506591796875,4202496,18605.409195
2.6937499046325684,2.3524999618530273,8.977312088012695,7.8364763259887695,4210688,18640.761673
2.513749837875366,2.7487499713897705,8.374800682067871,9.152563095092773,4218880,18676.119035
2.5162501335144043,2.8524999618530273,8.380714416503906,9.494665145874023,4227072,18711.530324
3.192499876022339,2.4375,9.896369934082031,8.11136531829834,4235264,18746.919938
2.5375001430511475,2.4774999618530273,8.44382381439209,8.243204116821289,4243456,18782.183036
2.6624999046325684,2.5999999046325684,8.858567237854004,8.647808074951172,4251648,18817.422391
2.461249828338623,2.4787497520446777,8.18707275390625,8.242171287536621,4259840,18852.737936
2.461249828338623,2.6737499237060547,8.185434341430664,8.889060974121094,4268032,18887.981385
2.6499998569488525,2.458749771118164,8.811088562011719,8.172135353088379,4276224,18923.251879
2.5349998474121094,2.5612499713897705,8.426414489746094,8.510574340820312,4284416,18958.597366
2.836249828338623,2.5762500762939453,9.426786422729492,8.557512283325195,4292608,18994.03624
2.37749981880188,2.640000104904175,7.900056838989258,8.76695728302002,4300800,19029.442226
2.742499589920044,2.4912495613098145,9.11070728302002,8.270482063293457,4308992,19064.793351
2.294999599456787,2.497499942779541,7.623376846313477,8.290024757385254,4317184,19100.144475
2.3174996376037598,2.6662497520446777,7.697104454040527,8.849281311035156,4325376,19135.391973
2.638749837875366,2.6837499141693115,8.763517379760742,8.905647277832031,4333568,19170.801827
2.456249713897705,2.3662500381469727,8.156936645507812,7.850218296051025,4341760,19206.084508
2.53374981880188,2.348749876022339,8.41313648223877,7.791546821594238,4349952,19241.355706
2.466249942779541,2.6937499046325684,8.187236785888672,8.934879302978516,4358144,19276.586357
2.3399999141693115,2.5149998664855957,7.766767978668213,8.339134216308594,4366336,19311.858362
2.674999952316284,2.5537497997283936,8.876846313476562,8.466141700744629,4374528,19347.248316
2.5012497901916504,2.591249942779541,8.297887802124023,8.588468551635742,4382720,19382.621061
2.528749704360962,2.6075000762939453,8.386852264404297,8.64177417755127,4390912,19418.057663
2.3162498474121094,2.7699995040893555,7.6792378425598145,9.179282188415527,4399104,19453.506107
2.5374999046325684,2.2874999046325684,8.410575866699219,7.578145980834961,4407296,19488.636715
2.6087498664855957,2.4812498092651367,8.644186973571777,8.217921257019043,4415488,19523.832067
2.536249876022339,2.4187498092651367,8.401142120361328,8.008623123168945,4423680,19559.071691
2.4862494468688965,2.2562499046325684,8.232783317565918,7.468480587005615,4431872,19594.273623
2.6262497901916504,2.3137497901916504,8.693841934204102,7.657240867614746,4440064,19629.632239
2.6649999618530273,2.53125,8.81911849975586,8.374035835266113,4448256,19664.80279
2.7962498664855957,2.819999933242798,9.251230239868164,8.601042747497559,4456448,19700.170447
2.6212496757507324,2.4287497997283936,8.669736862182617,8.029511451721191,4464640,19735.521139
2.5987496376037598,2.6862497329711914,8.592878341674805,8.878128051757812,4472832,19771.037575
2.5099997520446777,2.513749599456787,8.297341346740723,8.305643081665039,4481024,19806.416062
2.6762499809265137,2.7774996757507324,8.8446044921875,9.174686431884766,4489216,19841.902096
2.473749876022339,2.4862496852874756,8.173321723937988,8.209737777709961,4497408,19877.24557
2.607499837875366,2.3949997425079346,8.613059043884277,7.907171726226807,4505600,19912.552704
2.6187496185302734,2.6912500858306885,8.648138046264648,8.88378620147705,4513792,19947.967751
2.776249647140503,2.4412498474121094,9.165756225585938,8.056601524353027,4521984,19983.321117
2.507499933242798,2.726249933242798,8.276519775390625,8.995184898376465,4530176,20018.722512
2.490000009536743,2.648749828338623,8.21699047088623,8.736126899719238,4538368,20054.070394
2.609999895095825,2.65625,8.609883308410645,8.757566452026367,4546560,20089.370938
2.5462498664855957,2.641249656677246,8.397116661071777,8.705767631530762,4554752,20124.817896
2.7462499141693115,2.5462496280670166,9.054009437561035,8.389639854431152,4562944,20160.14921
2.494999647140503,2.708750009536743,8.223126411437988,8.922256469726562,4571136,20195.433391
2.6262497901916504,2.75249981880188,8.654081344604492,9.064332962036133,4579328,20230.73821
2.641249895095825,2.609999656677246,8.701653480529785,8.592585563659668,4587520,20266.21335
2.526249885559082,2.7599995136260986,8.319612503051758,9.083850860595703,4595712,20301.57024
2.6624999046325684,2.8199996948242188,8.764998435974121,9.278175354003906,4603904,20336.812591
2.487499952316284,2.557499647140503,8.186164855957031,8.411396026611328,4612096,20372.248188
2.5087497234344482,2.424999713897705,8.254095077514648,7.973499298095703,4620288,20407.592708
2.4412498474121094,2.8162498474121094,8.029480934143066,9.258155822753906,4628480,20442.914624
2.6574997901916504,2.8224995136260986,8.73783016204834,9.276481628417969,4636672,20478.163983
2.482499837875366,2.364999771118164,8.160072326660156,7.770898342132568,4644864,20513.411284
2.384999990463257,2.663749933242798,7.838137626647949,8.751296997070312,4653056,20548.699685
2.5799999237060547,2.8924996852874756,8.477365493774414,8.782859802246094,4661248,20584.108357
2.8787498474121094,2.538749933242798,9.456220626831055,8.336385726928711,4669440,20619.47945
2.362499713897705,2.5674996376037598,7.758449554443359,8.42857551574707,4677632,20654.859196
2.411249876022339,2.5399997234344482,7.917327880859375,8.336731910705566,4685824,20690.241924
2.8037497997283936,2.5399999618530273,9.203725814819336,8.33469009399414,4694016,20725.623208
2.463749885559082,3.1499998569488525,8.084970474243164,8.899137496948242,4702208,20760.798477
2.7987494468688965,2.794999837875366,9.182294845581055,9.165538787841797,4710400,20796.122676
2.565000057220459,2.666249990463257,8.413214683532715,8.741618156433105,4718592,20831.465558
2.7899997234344482,2.591249704360962,9.149828910827637,8.494579315185547,4726784,20866.866424
2.5299997329711914,2.6862497329711914,8.294733047485352,8.805233001708984,4734976,20902.138469
2.7362499237060547,2.6374995708465576,8.969298362731934,8.644121170043945,4743168,20937.514171
2.463749885559082,2.4499998092651367,8.07443618774414,8.028600692749023,4751360,20972.845077
2.484999895095825,2.552499771118164,8.141908645629883,8.363631248474121,4759552,21008.198999
2.6337499618530273,2.826249837875366,8.628398895263672,9.259373664855957,4767744,21043.583307
2.3637497425079346,2.797499656677246,7.742525100708008,8.448805809020996,4775936,21079.056094
2.5849997997283936,2.6812500953674316,8.465956687927246,8.78168773651123,4784128,21114.421026
2.4162497520446777,2.46875,7.911788463592529,8.084681510925293,4792320,21149.783335
2.8812499046325684,2.466249704360962,9.432601928710938,8.07588005065918,4800512,21185.029064
2.6399998664855957,2.7124996185302734,8.639946937561035,8.881810188293457,4808704,21220.253982
2.3787498474121094,2.4387500286102295,7.7843780517578125,7.983946800231934,4816896,21255.673754
2.5112497806549072,2.559999704360962,8.217061996459961,8.379678726196289,4825088,21290.953976
2.6599996089935303,2.6262497901916504,8.702219009399414,8.594502449035645,4833280,21326.352044
2.444999933242798,2.7962498664855957,7.997676372528076,9.147306442260742,4841472,21361.68107
2.723749876022339,2.4774999618530273,8.907721519470215,8.101078987121582,4849664,21396.987067
2.641249656677246,2.781249523162842,8.635595321655273,9.092508316040039,4857856,21432.258975
2.7199997901916504,2.254999876022339,8.89120864868164,7.370545864105225,4866048,21467.611548
2.679999828338623,2.648749589920044,8.759282112121582,8.655457496643066,4874240,21503.038028
2.5637497901916504,2.7724997997283936,8.377326011657715,9.057403564453125,4882432,21538.368252
2.603749990463257,2.5399999618530273,8.505378723144531,8.295642852783203,4890624,21573.674635
2.5037498474121094,2.7462496757507324,8.175895690917969,8.96677017211914,4898816,21609.092333
2.687499761581421,2.8237500190734863,8.7733154296875,9.218104362487793,4907008,21644.400459
2.614999771118164,2.7387497425079346,8.534503936767578,8.939156532287598,4915200,21679.711076
2.828749656677246,2.833749771118164,9.230485916137695,9.24776554107666,4923392,21714.854304
2.703749895095825,2.6662497520446777,8.820091247558594,8.698675155639648,4931584,21750.117263
2.572499990463257,2.6887495517730713,8.389951705932617,8.769854545593262,4939776,21785.524289
2.46875,2.5587499141693115,8.0499849319458,8.343847274780273,4947968,21820.953663
2.8474998474121094,2.5087497234344482,9.28300666809082,8.178308486938477,4956160,21856.320673
2.6862497329711914,2.564999580383301,8.754501342773438,8.359450340270996,4964352,21891.473029
2.942499876022339,3.242499828338623,9.586166381835938,9.143584251403809,4972544,21926.779662
2.6424999237060547,2.759999990463257,8.605635643005371,8.9876070022583,4980736,21962.077428
2.7199997901916504,2.6674997806549072,8.85468578338623,8.683419227600098,4988928,21997.30783
2.4112496376037598,2.7249999046325684,7.84689474105835,8.867364883422852,4997120,22032.670355
2.825000047683716,2.8637499809265137,9.191431045532227,9.315376281738281,5005312,22067.938886
2.6737496852874756,2.8324999809265137,8.697240829467773,9.210268020629883,5013504,22155.628961
2.757499933242798,2.742499351501465,8.963200569152832,8.915780067443848,5021696,22191.033879
2.578749656677246,2.9187498092651367,8.380380630493164,9.486501693725586,5029888,22226.351225
2.5374999046325684,2.7899997234344482,8.244294166564941,9.065107345581055,5038080,22261.633255
2.9474997520446777,2.593749523162842,9.573869705200195,8.424842834472656,5046272,22296.952226
2.5724997520446777,2.6524996757507324,8.353920936584473,8.613682746887207,5054464,22332.210129
2.646250009536743,2.6937496662139893,8.591646194458008,8.74634075164795,5062656,22367.529476
2.4800000190734863,2.484999895095825,8.04977798461914,8.066967010498047,5070848,22402.846413
2.4449996948242188,2.5174996852874756,7.934103965759277,8.170575141906738,5079040,22438.266995
2.794999837875366,2.6374998092651367,9.066856384277344,8.558375358581543,5087232,22473.45827
2.7249999046325684,2.5399999618530273,8.83781909942627,8.240301132202148,5095424,22508.785162
2.6549994945526123,2.8687496185302734,8.609107971191406,9.304667472839355,5103616,22544.100613
2.624999523162842,2.674999952316284,8.509099006652832,8.67410659790039,5111808,22579.404021
2.706249713897705,2.9099998474121094,8.770614624023438,9.433823585510254,5120000,22614.842527
2.601249933242798,2.557499885559082,8.429286003112793,8.289422035217285,5128192,22650.222972
2.6962497234344482,2.833750009536743,8.735884666442871,9.183540344238281,5136384,22685.703827
2.8737499713897705,2.651249885559082,9.308938026428223,8.589662551879883,5144576,22721.037361
2.7912497520446777,2.466249942779541,9.040122032165527,7.987850666046143,5152768,22756.335559
2.723750114440918,2.5699996948242188,8.82004165649414,8.320596694946289,5160960,22791.652067
2.7962498664855957,2.684999942779541,9.053095817565918,8.690546035766602,5169152,22826.868577
2.6649999618530273,2.7487499713897705,8.625541687011719,8.89360523223877,5177344,22862.081348
2.8600001335144043,2.6237497329711914,9.25516414642334,8.487018585205078,5185536,22897.422989
2.557500123977661,2.771250009536743,8.27560043334961,8.962891578674316,5193728,22932.726386
2.6049997806549072,3.137500047683716,8.427692413330078,9.443255424499512,5201920,22968.209067
2.8112497329711914,2.831249713897705,9.093588829040527,8.450721740722656,5210112,23003.537037
2.841249942779541,2.768749713897705,9.189839363098145,8.948674201965332,5218304,23038.865803
2.718749761581421,2.8324999809265137,8.79221248626709,9.152318954467773,5226496,23074.268974
2.7237496376037598,2.684999942779541,8.80746078491211,8.673904418945312,5234688,23109.501958
3.0737497806549072,2.8324999809265137,9.234638214111328,9.14857006072998,5242880,23144.766728
2.5974998474121094,2.6262497901916504,8.395112037658691,8.480978965759277,5251072,23179.923369
2.7099997997283936,3.148749589920044,8.757707595825195,9.466052055358887,5259264,23215.259744
2.528749942779541,2.53374981880188,8.170360565185547,8.17956829071045,5267456,23250.679273
2.622499942779541,2.8299996852874756,8.471792221069336,9.134576797485352,5275648,23286.066234
2.3737497329711914,2.453749656677246,7.666886329650879,7.918814182281494,5283840,23321.510629
3.004999876022339,2.562499761581421,9.704020500183105,8.26820182800293,5292032,23356.880964
2.674999713897705,2.7012500762939453,8.635847091674805,8.71369457244873,5300224,23392.24921
2.848749876022339,2.987499952316284,9.195516586303711,8.935262680053711,5308416,23427.560316
2.641249656677246,2.706249713897705,8.524789810180664,8.727129936218262,5316608,23462.755166
2.6999998092651367,2.6687498092651367,8.712671279907227,8.605066299438477,5324800,23497.95402
2.5799996852874756,2.783750057220459,8.323780059814453,8.973708152770996,5332992,23533.262042
2.6212496757507324,2.624999761581421,8.45572280883789,8.461111068725586,5341184,23568.585278
2.7312498092651367,2.8550000190734863,8.810009956359863,9.201998710632324,5349376,23603.824988
2.6762499809265137,2.552499771118164,8.631826400756836,8.225447654724121,5357568,23639.118468
2.5462496280670166,2.7962498664855957,8.211456298828125,9.010196685791016,5365760,23674.434531
2.5087499618530273,2.9437499046325684,8.089832305908203,9.48299789428711,5373952,23709.655895
2.388749837875366,2.768749713897705,7.7010498046875,8.916733741760254,5382144,23744.884802
2.586250066757202,2.557499647140503,8.336400985717773,8.234724044799805,5390336,23780.133982
2.656249761581421,2.6687498092651367,8.560084342956543,8.59136962890625,5398528,23815.559157
2.6624996662139893,2.5974998474121094,8.578579902648926,8.35996150970459,5406720,23850.901396
2.5462498664855957,2.6687498092651367,8.202609062194824,8.587536811828613,5414912,23886.135146
2.6337497234344482,2.5999999046325684,8.48298454284668,8.36548900604248,5423104,23921.482441
2.8974997997283936,2.6837496757507324,9.330942153930664,8.633078575134277,5431296,23956.836903
2.591249942779541,2.7624998092651367,8.34349536895752,8.884570121765137,5439488,23992.054432
2.7387497425079346,2.5450000762939453,8.817317962646484,8.183627128601074,5447680,24027.255695
2.737499952316284,2.612499713897705,8.812110900878906,8.398669242858887,5455872,24062.671914
2.7387497425079346,2.632499933242798,8.814340591430664,8.461483001708984,5464064,24098.146566
2.6674997806549072,2.794999599456787,8.583507537841797,8.981849670410156,5472256,24133.412109
2.6449997425079346,2.5512497425079346,8.510108947753906,8.197678565979004,5480448,24168.774884
3.0774996280670166,2.81499981880188,9.201945304870605,9.043766021728516,5488640,24204.114743
2.7199997901916504,2.6524999141693115,8.74669075012207,8.520127296447754,5496832,24239.431827
2.6637496948242188,2.4699997901916504,8.563620567321777,7.93220329284668,5505024,24274.736465
2.5712497234344482,2.859999895095825,8.264276504516602,9.182161331176758,5513216,24310.062457
2.6762497425079346,2.682500123977661,8.59943962097168,8.61059284210205,5521408,24345.398811
2.703749656677246,2.6212496757507324,8.685704231262207,8.4122953414917,5529600,24380.650434
2.7262496948242188,2.507499933242798,8.755937576293945,8.045811653137207,5537792,24415.981797
2.8562495708465576,2.6762497425079346,9.171113014221191,8.586114883422852,5545984,24451.332306
2.591249942779541,2.4699997901916504,8.318034172058105,7.923191547393799,5554176,24486.61034
2.7199997901916504,2.7774996757507324,8.729848861694336,8.908276557922363,5562368,24521.922233
2.614999771118164,2.656249761581421,8.391402244567871,8.518087387084961,5570560,24557.185349
2.971249580383301,2.7387497425079346,9.53322696685791,8.78115177154541,5578752,24592.62441
2.7300000190734863,2.7912497520446777,8.757413864135742,8.947317123413086,5586944,24627.991752
2.5274996757507324,2.516249656677246,8.106328964233398,8.064000129699707,5595136,24663.117719
2.90874981880188,2.5874996185302734,9.327191352844238,8.290623664855957,5603328,24698.377829
2.7412497997283936,2.7624998092651367,8.788442611694336,8.848991394042969,5611520,24733.66505
2.703749656677246,2.5487496852874756,8.666510581970215,8.161754608154297,5619712,24768.948666
2.739999771118164,2.6837496757507324,8.780421257019043,8.592025756835938,5627904,24804.231482
2.833749771118164,2.6399998664855957,9.07934856414795,8.450340270996094,5636096,24839.614707
2.869999885559082,3.206249952316284,9.193537712097168,9.568814277648926,5644288,24874.992259
2.8112497329711914,3.0224997997283936,9.003012657165527,8.977982521057129,5652480,24910.181244
2.766249656677246,3.234999656677246,8.856758117675781,9.655460357666016,5660672,24945.455133
2.5124998092651367,2.826249837875366,8.043476104736328,9.038106918334961,5668864,24980.668555
2.872499704360962,2.6912498474121094,9.195283889770508,8.605369567871094,5677056,25015.954818
2.4749999046325684,2.3424999713897705,7.921609401702881,7.488990306854248,5685248,25051.233756
2.453749895095825,2.703749895095825,7.852457046508789,8.643537521362305,5693440,25086.528822
2.468749523162842,2.799999952316284,7.899685382843018,8.950782775878906,5701632,25121.887159
2.742499828338623,2.7149996757507324,8.773554801940918,8.678061485290527,5709824,25157.183405
2.7437498569488525,2.8399999141693115,8.775895118713379,9.076823234558105,5718016,25192.459258
2.672499895095825,2.7249999046325684,8.546442031860352,8.70779037475586,5726208,25227.809048
2.666249990463257,2.783749580383301,8.524808883666992,8.894728660583496,5734400,25263.1349
2.6024997234344482,2.641249895095825,8.320467948913574,8.438362121582031,5742592,25298.526122
2.791249990463257,3.0,8.922078132629395,8.893007278442383,5750784,25333.949247
2.7199997901916504,2.6362497806549072,8.693065643310547,8.419710159301758,5758976,25369.226781
2.7274997234344482,2.7299997806549072,8.716548919677734,8.717972755432129,5767168,25404.611957
2.737499713897705,2.708749771118164,8.74783992767334,8.649014472961426,5775360,25439.9285
2.5749998092651367,2.815000057220459,8.228144645690918,8.987689971923828,5783552,25475.354057
2.5,2.684999942779541,7.987384796142578,8.571657180786133,5791744,25510.790831
2.5562498569488525,2.9649999141693115,8.166346549987793,9.464851379394531,5799936,25546.251905
2.6862497329711914,2.7699999809265137,8.580597877502441,8.841641426086426,5808128,25581.585129
2.807499647140503,2.484999895095825,8.966571807861328,7.930949687957764,5816320,25616.981052
2.5687499046325684,2.557499885559082,8.202829360961914,8.161664009094238,5824512,25652.3813
2.461249828338623,2.4937498569488525,7.859615325927734,7.957402229309082,5832704,25687.801264
2.747499704360962,2.7337496280670166,8.772605895996094,8.72213363647461,5840896,25723.091712
2.4549999237060547,2.497499704360962,7.837831974029541,7.9679083824157715,5849088,25758.545212
2.557499647140503,2.7649998664855957,8.163898468017578,8.82097053527832,5857280,25793.927525
2.682499885559082,2.6162497997283936,8.562682151794434,8.345895767211914,5865472,25829.470517
2.8349997997283936,2.661249876022339,9.048032760620117,8.488184928894043,5873664,25864.706881
2.934999942779541,2.4462497234344482,9.365135192871094,7.801648139953613,5881856,25900.059765
2.7487497329711914,2.8174996376037598,8.76899528503418,8.984289169311523,5890048,25935.438354
2.5824999809265137,2.6024997234344482,8.237289428710938,8.29676628112793,5898240,25970.6939
2.494999885559082,2.5662498474121094,7.957736492156982,8.179657936096191,5906432,26006.216606
2.752499580383301,2.6087498664855957,8.778203010559082,8.314274787902832,5914624,26041.675422
2.848750114440918,2.557499885559082,9.084394454956055,8.149810791015625,5922816,26077.099238
3.018749713897705,2.766249656677246,8.936476707458496,8.814007759094238,5931008,26112.486783
2.7887496948242188,2.6312496662139893,8.889305114746094,8.383147239685059,5939200,26147.843424
2.737499713897705,2.8975000381469727,8.724318504333496,9.230669975280762,5947392,26183.137898
2.848749876022339,2.554999828338623,9.077421188354492,8.138236999511719,5955584,26218.596245
2.786249876022339,2.8137497901916504,8.877046585083008,8.961280822753906,5963776,26253.945315
2.5562498569488525,2.68999981880188,8.143472671508789,8.566123962402344,5971968,26289.223473
2.6262500286102295,2.6674997806549072,8.365599632263184,8.493318557739258,5980160,26324.557331
2.629999876022339,2.5749998092651367,8.376132011413574,8.197675704956055,5988352,26360.034506
2.7487497329711914,2.8299996852874756,8.752596855163574,9.008504867553711,5996544,26395.28596
3.124999761581421,2.7862496376037598,9.262317657470703,8.867400169372559,6004736,26430.586097
2.9387497901916504,2.718749523162842,9.354354858398438,8.651531219482422,6012928,26518.563449
3.0012497901916504,2.877499580383301,8.861161231994629,9.15532398223877,6021120,26554.125315
2.586249828338623,2.6549999713897705,8.224886894226074,8.44620132446289,6029312,26589.482426
2.706249713897705,2.7262496948242188,8.60503101348877,8.672428131103516,6037504,26625.01142
2.831249952316284,2.781249761581421,9.000907897949219,8.846206665039062,6045696,26660.453342
2.682499885559082,2.6674997806549072,8.525774002075195,8.483535766601562,6053888,26695.782831
2.7912497520446777,2.5124998092651367,8.869032859802246,7.989330291748047,6062080,26731.002286
2.6662497520446777,2.737499713897705,8.470979690551758,8.70370101928711,6070272,26766.524246
2.4937498569488525,2.4774997234344482,7.922145366668701,7.875866889953613,6078464,26801.89287
2.4212498664855957,2.723750114440918,7.691592216491699,8.658124923706055,6086656,26837.347252
2.6675000190734863,2.4537501335144043,8.473743438720703,7.799293518066406,6094848,26872.675475
2.7249996662139893,2.6212496757507324,8.655576705932617,8.331028938293457,6103040,26908.081741
2.8199996948242188,2.701249837875366,8.956486701965332,8.584259986877441,6111232,26943.400539
2.786250114440918,2.609999895095825,8.847652435302734,8.292675971984863,6119424,26978.69925
2.6549997329711914,2.6612496376037598,8.429883003234863,8.455053329467773,6127616,27014.15623
2.874999761581421,2.7224998474121094,8.44339370727539,8.649284362792969,6135808,27049.438377
2.619999885559082,2.9674997329711914,8.315398216247559,9.42651081085205,6144000,27084.815403
2.513749837875366,2.951249599456787,7.976729393005371,9.373074531555176,6152192,27120.180332
2.451249837875366,2.505000114440918,7.777889251708984,7.954309463500977,6160384,27155.420035
2.5437495708465576,2.734999656677246,8.071123123168945,8.684146881103516,6168576,27190.861229
2.726249933242798,2.6237497329711914,8.649415969848633,8.329925537109375,6176768,27226.258358
2.591249704360962,2.6087498664855957,8.22074031829834,8.281396865844727,6184960,27261.675285
2.869999885559082,2.8062498569488525,9.104621887207031,8.90721607208252,6193152,27296.941631
2.6399998664855957,2.507499933242798,8.374250411987305,7.957923889160156,6201344,27332.332631
2.609999895095825,2.6475000381469727,8.278585433959961,8.401778221130371,6209536,27367.733279
2.617499589920044,3.049999952316284,8.301626205444336,9.678752899169922,6217728,27403.061933
2.6137499809265137,2.781249761581421,8.289320945739746,8.82482624053955,6225920,27438.372104
2.617499828338623,2.591249942779541,8.300275802612305,8.221407890319824,6234112,27473.693838
2.5374996662139893,2.711249828338623,8.045683860778809,8.601123809814453,6242304,27509.045437
2.7587497234344482,2.672499656677246,8.746644020080566,8.477543830871582,6250496,27544.373688
2.700000047683716,2.7512497901916504,8.559444427490234,8.72668743133545,6258688,27579.6714
2.552499532699585,2.706249713897705,8.091137886047363,8.583782196044922,6266880,27615.10895
2.5924997329711914,2.6024999618530273,8.2177734375,8.254474639892578,6275072,27650.479663
2.4387497901916504,2.607499837875366,7.730000972747803,8.269752502441406,6283264,27685.907559
2.682499885559082,2.513749599456787,8.502050399780273,7.971938133239746,6291456,27721.267323
2.5537495613098145,2.934999942779541,8.093482971191406,9.30724048614502,6299648,27756.576381
2.617499828338623,2.4774997234344482,8.294733047485352,7.855974197387695,6307840,27791.974276
2.674999952316284,2.648749828338623,8.476247787475586,8.398523330688477,6316032,27827.200488
2.4237499237060547,2.624999761581421,7.679368019104004,8.322263717651367,6324224,27862.523903
2.680000066757202,2.3137497901916504,8.491223335266113,7.334725379943848,6332416,27897.918252
2.5737497806549072,2.403749942779541,8.153204917907715,7.618940353393555,6340608,27933.296886
2.817499876022339,2.5475001335144043,8.92428970336914,8.073980331420898,6348800,27968.782113
2.59624981880188,2.3637497425079346,8.222429275512695,7.490731716156006,6356992,28004.132886
2.728750228881836,2.804999828338623,8.641267776489258,8.88814926147461,6365184,28039.477261
2.763749837875366,2.4237496852874756,8.75082778930664,7.679203987121582,6373376,28074.832162
2.607499599456787,2.463749885559082,8.25507926940918,7.804867744445801,6381568,28110.14093
2.7599997520446777,2.6362500190734863,8.73677921295166,8.350278854370117,6389760,28145.539317
2.6599998474121094,2.461249828338623,8.419241905212402,7.795198440551758,6397952,28180.951292
2.8162496089935303,2.6324996948242188,8.912784576416016,8.336865425109863,6406144,28216.26552
2.6262500286102295,2.6862497329711914,8.310523986816406,8.505901336669922,6414336,28251.631963
2.663749933242798,2.669999599456787,8.42813491821289,8.453444480895996,6422528,28286.900887
2.8475000858306885,2.6737496852874756,9.008747100830078,8.464505195617676,6430720,28322.255358
2.783749580383301,2.713749885559082,8.80604362487793,8.590450286865234,6438912,28357.681147
2.4937500953674316,2.6662497520446777,7.8878631591796875,8.439064025878906,6447104,28393.018482
2.72124981880188,2.516249895095825,8.60666275024414,7.963202953338623,6455296,28428.434497
2.9800000190734863,2.562499761581421,8.743725776672363,8.109052658081055,6463488,28463.846092
3.057499647140503,2.6012496948242188,8.98777961730957,8.231146812438965,6471680,28499.245089
2.708749771118164,2.744999647140503,8.563922882080078,8.685460090637207,6479872,28534.650926
2.544999599456787,2.958749771118164,8.046103477478027,8.68062686920166,6488064,28570.147957
2.473749876022339,2.5774998664855957,7.820006370544434,8.154016494750977,6496256,28605.497731
2.6087498664855957,2.6399996280670166,8.245874404907227,8.350533485412598,6504448,28640.80782
2.547499895095825,2.723749876022339,8.051301002502441,8.614177703857422,6512640,28676.244752
2.5462496280670166,2.7437496185302734,8.04691219329834,8.676511764526367,6520832,28711.667978
2.5412497520446777,2.5137500762939453,8.030912399291992,7.948809623718262,6529024,28747.064489
2.646249771118164,2.6037497520446777,8.362014770507812,8.232778549194336,6537216,28782.395848
2.81499981880188,2.7199997901916504,8.894341468811035,8.600050926208496,6545408,28817.730195
2.4962499141693115,2.694999933242798,7.886817455291748,8.520537376403809,6553600,28853.138367
2.630000114440918,2.653749942779541,8.30902099609375,8.389213562011719,6561792,28888.513475
2.4887497425079346,2.526249885559082,7.862216472625732,7.9853715896606445,6569984,28923.905579
2.4649996757507324,2.6287496089935303,7.787276268005371,8.309211730957031,6578176,28959.270852
2.489999771118164,2.4387495517730713,7.86530065536499,7.708310127258301,6586368,28994.556838
2.7587497234344482,2.547499656677246,8.713605880737305,8.05142593383789,6594560,29029.896668
2.7199997901916504,2.8524997234344482,8.5907564163208,9.014569282531738,6602752,29065.189534
2.4837498664855957,2.6637496948242188,7.843747138977051,8.417445182800293,6610944,29100.614815
2.5062499046325684,2.6762497425079346,7.914577484130859,8.457192420959473,6619136,29135.99108
2.8262500762939453,2.65625,8.923723220825195,8.393815040588379,6627328,29171.321401
2.7824997901916504,2.4124999046325684,8.784791946411133,7.6233930587768555,6635520,29206.715998
2.6037497520446777,2.328749895095825,8.219937324523926,7.358412742614746,6643712,29242.207643
2.6687498092651367,2.9624996185302734,8.424643516540527,8.681396484375,6651904,29277.678879
2.59624981880188,2.593749761581421,8.195649147033691,8.195207595825195,6660096,29313.080984
2.65874981880188,2.6524999141693115,8.393003463745117,8.380043983459473,6668288,29348.407513
2.5712499618530273,2.516249895095825,8.11650276184082,7.949064254760742,6676480,29383.635836
2.5724997520446777,2.5437498092651367,8.120245933532715,8.035859107971191,6684672,29418.988938
2.5949997901916504,2.516249895095825,8.19123363494873,7.94865608215332,6692864,29454.518183
2.8087499141693115,2.6837496757507324,8.86529541015625,8.478282928466797,6701056,29489.847081
2.6675000190734863,2.7287497520446777,8.418746948242188,8.620264053344727,6709248,29525.261658
2.7599995136260986,2.8237500190734863,8.709970474243164,8.919889450073242,6717440,29560.545628
2.7299997806549072,2.6374998092651367,8.61454963684082,8.33108139038086,6725632,29595.894796
2.4724998474121094,2.629999876022339,7.801374435424805,8.306840896606445,6733824,29631.144669
2.643749713897705,2.7987496852874756,8.341412544250488,8.839146614074707,6742016,29666.538839
2.5062496662139893,2.669999837875366,7.907106876373291,8.431244850158691,6750208,29701.891697
2.617499828338623,2.5612497329711914,8.257715225219727,8.087170600891113,6758400,29737.296708
2.6037497520446777,2.7149999141693115,8.213492393493652,8.57243537902832,6766592,29772.672984
2.5274999141693115,2.596249580383301,7.972688674926758,8.196864128112793,6774784,29808.125768
2.8212497234344482,2.867499828338623,8.8990478515625,9.05233383178711,6782976,29843.530167
2.5949997901916504,2.7512495517730713,8.184611320495605,8.684377670288086,6791168,29878.964953
2.941249370574951,2.7674999237060547,8.597807884216309,8.735407829284668,6799360,29914.406762
2.5737500190734863,2.6449999809265137,8.115084648132324,8.347535133361816,6807552,29949.95638
2.7462499141693115,2.8399999141693115,8.658048629760742,8.96191692352295,6815744,29985.33319
2.401249885559082,2.4312496185302734,7.570130825042725,7.670955181121826,6823936,30020.698048
2.341249942779541,2.809999704360962,7.380446434020996,8.865255355834961,6832128,30056.060636
2.549999475479126,2.581249713897705,8.037778854370117,8.143265724182129,6840320,30091.420337
2.543750047683716,2.6524999141693115,8.01751708984375,8.367966651916504,6848512,30126.876685
2.552500009536743,2.672499656677246,8.044356346130371,8.430347442626953,6856704,30162.308589
2.7149999141693115,2.7099997997283936,8.55563735961914,8.547933578491211,6864896,30197.602888
3.0512499809265137,2.4837498664855957,8.938740730285645,7.834024429321289,6873088,30233.0413
2.6237497329711914,2.674999952316284,8.266469955444336,8.436612129211426,6881280,30268.483914
2.6737499237060547,2.612499713897705,8.423117637634277,8.238975524902344,6889472,30303.90446
2.6187496185302734,2.7649998664855957,8.249242782592773,8.719728469848633,6897664,30339.276326
2.8012497425079346,2.8449997901916504,8.823678970336914,8.971861839294434,6905856,30374.801947
2.4487497806549072,2.667499542236328,7.713123321533203,8.411850929260254,6914048,30410.296391
2.6875,2.458749771118164,8.464916229248047,7.7532734870910645,6922240,30445.64558
2.8837497234344482,2.7624998092651367,9.081914901733398,8.710600852966309,6930432,30481.08381
2.567499876022339,2.638749837875366,8.084918022155762,8.319969177246094,6938624,30516.552123
2.7174999713897705,2.5399999618530273,8.557222366333008,8.007684707641602,6946816,30551.854296
2.557499885559082,2.9799997806549072,8.053607940673828,8.716886520385742,6955008,30587.15611
2.578749895095825,2.7149999141693115,8.11989688873291,8.556859970092773,6963200,30622.481677
2.669999837875366,2.5,8.406545639038086,7.879082679748535,6971392,30657.843094
2.614999771118164,2.586249828338623,8.233211517333984,8.150404930114746,6979584,30693.193361
2.4162497520446777,2.966249704360962,7.606881141662598,9.346939086914062,6987776,30728.573638
2.5,2.417499542236328,7.869946479797363,7.617447376251221,6995968,30764.108795
2.6037497520446777,2.5037498474121094,8.195955276489258,7.888454914093018,7004160,30799.509298
2.641249656677246,2.708749771118164,8.31390380859375,8.533426284790039,7012352,30887.330301
2.8612499237060547,2.891249895095825,9.003708839416504,9.107599258422852,7020544,30922.912454
2.7099995613098145,2.669999837875366,8.527215003967285,8.409698486328125,7028736,30958.369104
2.4112496376037598,2.6112496852874756,7.586495399475098,8.223623275756836,7036928,30993.817051
2.7925000190734863,2.68999981880188,8.785398483276367,8.47121524810791,7045120,31029.148178
2.9262499809265137,2.7724995613098145,8.530779838562012,8.730545043945312,7053312,31064.444034
2.922499895095825,2.679999828338623,9.193384170532227,8.438911437988281,7061504,31099.77454
2.482499599456787,3.1162497997283936,7.808936595916748,9.136818885803223,7069696,31135.129724
2.6762499809265137,2.6762497425079346,8.41788101196289,8.425949096679688,7077888,31170.555265
2.5562498569488525,2.521249771118164,8.040044784545898,7.937848091125488,7086080,31205.93975
2.7799997329711914,2.463749885559082,8.744108200073242,7.756768226623535,7094272,31241.487547
2.6137497425079346,2.802499771118164,8.221099853515625,8.822509765625,7102464,31276.928529
2.72124981880188,2.6087498664855957,8.559422492980957,8.212050437927246,7110656,31312.341156
2.3187496662139893,2.5924997329711914,7.293509483337402,8.16053295135498,7118848,31347.756182
2.6374998092651367,2.7174997329711914,8.295775413513184,8.553688049316406,7127040,31383.145588
2.734999895095825,2.6374998092651367,8.60148811340332,8.301698684692383,7135232,31418.587304
2.59375,2.6524999141693115,8.157328605651855,8.348705291748047,7143424,31454.116043
2.458750009536743,2.632499933242798,7.733302593231201,8.285455703735352,7151616,31489.559397
2.528749942779541,2.6024999618530273,7.953466415405273,8.190313339233398,7159808,31524.982659
2.7937498092651367,2.7224998474121094,8.786925315856934,8.567974090576172,7168000,31560.429872
2.3212499618530273,2.8762497901916504,7.300750255584717,9.052030563354492,7176192,31595.873868
2.7274999618530273,2.737499713897705,8.578447341918945,8.614712715148926,7184384,31631.237034
2.6524999141693115,2.5949997901916504,8.341985702514648,8.166394233703613,7192576,31666.733422
2.778749942779541,2.3637499809265137,8.739030838012695,7.438796043395996,7200768,31702.210617
2.6962499618530273,2.7087502479553223,8.479561805725098,8.52444839477539,7208960,31737.630224
3.2074997425079346,2.65625,9.41308879852295,8.35892105102539,7217152,31773.13896
2.516249895095825,2.172499895095825,7.913275718688965,6.836444854736328,7225344,31808.575355
2.547499656677246,2.544999837875366,8.011551856994629,8.007874488830566,7233536,31843.951616
2.5199999809265137,2.7937498092651367,7.924806594848633,8.79013442993164,7241728,31879.395681
2.929999828338623,2.614999771118164,9.21429443359375,8.227313995361328,7249920,31914.723202
2.6687498092651367,2.5874996185302734,8.39180850982666,8.140488624572754,7258112,31950.198603
2.59375,2.531249761581421,8.155966758728027,7.963316917419434,7266304,31985.655579
2.6999998092651367,2.513749599456787,8.489222526550293,7.907889366149902,7274496,32021.08729
2.7599997520446777,2.8949997425079346,8.677452087402344,8.431650161743164,7282688,32056.476572
2.3712499141693115,2.6662495136260986,7.454275131225586,8.385741233825684,7290880,32091.905359
2.8874998092651367,2.6237499713897705,8.40283203125,8.251736640930176,7299072,32127.199002
2.6712498664855957,2.6424996852874756,8.396343231201172,8.310697555541992,7307264,32162.577155
2.8012497425079346,3.362499713897705,8.804381370544434,9.225618362426758,7315456,32197.930887
2.8562498092651367,2.877499580383301,8.976330757141113,9.047505378723145,7323648,32233.364828
2.7337498664855957,2.5824999809265137,8.589599609375,8.119556427001953,7331840,32268.744527
2.7262496948242188,2.6062498092651367,8.565427780151367,8.194537162780762,7340032,32304.156312
2.8562498092651367,2.5199999809265137,8.9735689163208,7.923307418823242,7348224,32339.496658
2.504999876022339,2.7562499046325684,7.8701372146606445,8.666183471679688,7356416,32374.912359
2.8837499618530273,2.559999942779541,8.38687515258789,8.048554420471191,7364608,32410.229744
3.1212496757507324,2.8974995613098145,9.13186264038086,9.109206199645996,7372800,32445.730293
2.75249981880188,2.4762496948242188,8.645946502685547,7.7845587730407715,7380992,32481.087196
2.6524999141693115,2.7537496089935303,8.331995964050293,8.656380653381348,7389184,32516.509603
2.78125,2.5012497901916504,8.736353874206543,7.862178802490234,7397376,32551.923834
2.9024994373321533,2.6762495040893555,9.116842269897461,8.411737442016602,7405568,32587.330234
2.7387499809265137,2.828749895095825,8.602229118347168,8.216421127319336,7413760,32622.680211
2.641249895095825,2.6837499141693115,8.295083045959473,8.433584213256836,7421952,32657.966969
2.771250009536743,2.601249933242798,8.702091217041016,8.173763275146484,7430144,32693.348266
2.5537497997283936,2.549999713897705,8.018243789672852,8.012354850769043,7438336,32728.79651
2.6112496852874756,2.7537498474121094,8.198336601257324,8.652395248413086,7446528,32764.246569
2.6999998092651367,2.718749761581421,8.476335525512695,8.542160034179688,7454720,32799.670152
2.7174999713897705,2.973749876022339,8.530524253845215,9.34306526184082,7462912,32835.035586
2.6237499713897705,2.804999828338623,8.236087799072266,8.812830924987793,7471104,32870.354082
2.5199999809265137,2.7262496948242188,7.910425186157227,8.56524658203125,7479296,32905.754771
2.629999876022339,2.828749895095825,8.2554349899292,8.88694953918457,7487488,32941.127105
2.4912497997283936,2.692499876022339,7.819449424743652,8.45870304107666,7495680,32978.662418
2.75,2.531249761581421,8.631610870361328,7.952191352844238,7503872,33014.060391
2.624999761581421,2.6812498569488525,8.239355087280273,8.423261642456055,7512064,33049.342885
2.9074997901916504,2.8012497425079346,9.126256942749023,8.799895286560059,7520256,33084.648828
2.8562498092651367,2.638749599456787,8.965067863464355,8.289470672607422,7528448,33120.012866
2.8062498569488525,2.5874998569488525,8.807671546936035,8.128620147705078,7536640,33155.362953
2.6112496852874756,2.6299996376037598,8.195520401000977,8.262035369873047,7544832,33190.647472
2.7624998092651367,2.7274999618530273,8.669689178466797,8.567741394042969,7553024,33225.921031
2.646249771118164,2.6475000381469727,8.303840637207031,8.31589412689209,7561216,33261.17986
2.674999713897705,2.434999704360962,8.393610000610352,7.64796781539917,7569408,33296.337654
2.567499876022339,2.5712499618530273,8.05549430847168,8.075692176818848,7577600,33331.53984
2.59624981880188,2.7337498664855957,8.145432472229004,8.586112976074219,7585792,33366.769253
2.6237499713897705,2.937499523162842,8.231087684631348,9.225743293762207,7593984,33402.013043
2.8849995136260986,2.7799999713897705,9.05024242401123,8.73048210144043,7602176,33437.362086
3.0087497234344482,3.081249952316284,8.765591621398926,9.675769805908203,7610368,33472.55215
2.6374998092651367,2.6599998474121094,8.271893501281738,8.351808547973633,7618560,33507.828613
2.6049997806549072,2.5799996852874756,8.169553756713867,8.100287437438965,7626752,33542.942505
2.7199997901916504,2.5512497425079346,8.529581069946289,8.009963989257812,7634944,33578.192763
2.3424997329711914,2.5999999046325684,7.345019340515137,8.162667274475098,7643136,33613.477674
2.718749761581421,2.5612497329711914,8.524237632751465,8.041003227233887,7651328,33648.728222
2.609999895095825,2.575000047683716,8.1826753616333,8.083917617797852,7659520,33684.098188
2.674999952316284,2.669999599456787,8.385652542114258,8.381451606750488,7667712,33719.331645
2.5587496757507324,2.513749837875366,8.020774841308594,7.890543460845947,7675904,33754.606582
2.5774998664855957,2.7937498092651367,8.079222679138184,8.769173622131348,7684096,33789.874913
2.797499656677246,2.7874999046325684,8.768200874328613,8.74863338470459,7692288,33825.132842
2.5999996662139893,2.6324996948242188,8.14860725402832,8.261117935180664,7700480,33860.378671
2.7624998092651367,2.799999713897705,8.65722942352295,8.785896301269531,7708672,33895.657581
2.669999599456787,2.786249876022339,8.366626739501953,8.742044448852539,7716864,33930.959214
2.8549997806549072,2.815000057220459,8.945819854736328,8.831477165222168,7725056,33966.224725
2.898750066757202,2.72124981880188,9.081747055053711,8.536428451538086,7733248,34001.456072
2.6974997520446777,2.6449997425079346,8.450489044189453,8.296417236328125,7741440,34036.606895
2.901249885559082,2.5662498474121094,9.088184356689453,8.048434257507324,7749632,34071.898521
2.6912498474121094,2.5037498474121094,8.430027961730957,7.851719856262207,7757824,34107.111738
2.6712498664855957,2.708749771118164,8.367100715637207,8.4938383102417,7766016,34142.311245
2.8237497806549072,2.7612497806549072,8.843992233276367,8.657276153564453,7774208,34177.539114
2.9212498664855957,2.807499885559082,9.148140907287598,8.801431655883789,7782400,34212.793941
3.0087499618530273,2.65874981880188,9.421205520629883,8.33450984954834,7790592,34248.050275
2.8999998569488525,2.6687498092651367,9.079654693603516,8.364398002624512,7798784,34283.277994
2.732499837875366,2.5774998664855957,8.554214477539062,8.077682495117188,7806976,34318.422856
2.7312498092651367,2.8524997234344482,8.549872398376465,8.938767433166504,7815168,34353.603673
2.7149999141693115,2.6287498474121094,8.498698234558105,8.237678527832031,7823360,34388.891017
2.4524998664855957,2.658749580383301,7.676316738128662,8.331164360046387,7831552,34424.075743
2.619999885559082,2.7224998474121094,8.199225425720215,8.530183792114258,7839744,34459.351341
2.619999885559082,2.638749599456787,8.198858261108398,8.267356872558594,7847936,34494.640947
2.5924997329711914,2.552499771118164,8.112248420715332,7.996181964874268,7856128,34529.863771
2.723749876022339,2.5299999713897705,8.522101402282715,7.924520492553711,7864320,34565.087371
2.867500066757202,3.0249996185302734,8.970680236816406,8.802973747253418,7872512,34600.163725
2.826249837875366,2.6862497329711914,8.840386390686035,8.410833358764648,7880704,34635.369135
2.536249876022339,2.7274997234344482,7.932490825653076,8.538914680480957,7888896,34670.409307
2.5349998474121094,2.989999771118164,7.927705764770508,9.359801292419434,7897088,34705.570306
2.518749713897705,2.697499990463257,7.876550674438477,8.44365119934082,7905280,34740.818693
2.4212498664855957,2.804999828338623,7.571136474609375,8.779823303222656,7913472,34775.954816
3.078749656677246,2.778749704360962,9.626310348510742,8.696922302246094,7921664,34811.189146
2.7537498474121094,2.744999885559082,8.608986854553223,8.590679168701172,7929856,34846.515316
2.8237497806549072,2.6262497901916504,8.827078819274902,8.218917846679688,7938048,34881.783999
2.711250066757202,2.5112500190734863,8.475074768066406,7.858852386474609,7946240,34917.049417
2.8324995040893555,2.6449999809265137,8.853666305541992,8.277470588684082,7954432,34952.197659
2.713749885559082,2.7024998664855957,8.482600212097168,8.456964492797852,7962624,34987.4848
2.511249542236328,2.608750104904175,7.849077224731445,8.163741111755371,7970816,35022.715904
2.430000066757202,2.7774999141693115,7.5947136878967285,8.691893577575684,7979008,35057.985969
2.7599997520446777,2.643749713897705,8.625370025634766,8.272865295410156,7987200,35093.250757
2.7612500190734863,2.6050000190734863,8.628838539123535,8.15170955657959,7995392,35128.543033
2.4862499237060547,2.6937499046325684,7.769096851348877,8.429178237915039,8003584,35163.867533
